model_type,beta,depth,lag,acf_mean,acf_std,valid_runs,collapsed_runs
feedforward,,2,0,1.0,0.0,20,0
feedforward,,2,1,0.9659297433371151,0.016581204183208194,20,0
feedforward,,2,2,0.9312522055452186,0.034244775552319154,20,0
feedforward,,2,3,0.8968539990611639,0.05068401880049132,20,0
feedforward,,2,4,0.8634627596699846,0.06639864878284357,20,0
feedforward,,2,5,0.8296497478809769,0.0833580829239256,20,0
feedforward,,2,6,0.7983558360325287,0.09905603029876105,20,0
feedforward,,2,7,0.7668684182916372,0.116806256842987,20,0
feedforward,,2,8,0.7366590511592297,0.1340607232732733,20,0
feedforward,,2,9,0.704927781186053,0.15200746701544354,20,0
feedforward,,2,10,0.6744429792753023,0.16969942879429153,20,0
feedforward,,2,11,0.646048265563268,0.1872514273091525,20,0
feedforward,,2,12,0.6198994086772068,0.20240925359115364,20,0
feedforward,,2,13,0.5963175601483002,0.2155542194785009,20,0
feedforward,,2,14,0.5726587468143504,0.22827112954477213,20,0
feedforward,,2,15,0.5496456454180217,0.24052336458194645,20,0
feedforward,,4,0,1.0,0.0,20,0
feedforward,,4,1,0.9551726322371185,0.018891036098875786,20,0
feedforward,,4,2,0.9114137402773762,0.035080898793330935,20,0
feedforward,,4,3,0.8678776682779377,0.05160001087576467,20,0
feedforward,,4,4,0.824912661895729,0.06716790516035945,20,0
feedforward,,4,5,0.7825778110409849,0.08166856212723515,20,0
feedforward,,4,6,0.7414413004295894,0.09270599499608981,20,0
feedforward,,4,7,0.6995810153376272,0.10718573583033844,20,0
feedforward,,4,8,0.6612149795933562,0.1194666153919249,20,0
feedforward,,4,9,0.6265172551235151,0.1310387539948185,20,0
feedforward,,4,10,0.5928243902148503,0.14028945398959047,20,0
feedforward,,4,11,0.5623157143435535,0.14783775260034757,20,0
feedforward,,4,12,0.5333061316778304,0.15492808205136116,20,0
feedforward,,4,13,0.5046521910422155,0.16152973314398908,20,0
feedforward,,4,14,0.47578671951279833,0.16927349294894597,20,0
feedforward,,4,15,0.4478137561639932,0.17680840426132663,20,0
feedforward,,10,0,1.0,0.0,20,0
feedforward,,10,1,0.8201000940468157,0.05478347592438025,20,0
feedforward,,10,2,0.6687279498614747,0.0930651038503113,20,0
feedforward,,10,3,0.5467298262918945,0.11303247828927442,20,0
feedforward,,10,4,0.45180449557055546,0.1210064567472728,20,0
feedforward,,10,5,0.3707316967329167,0.12214447378277239,20,0
feedforward,,10,6,0.299311342435956,0.11889004243883554,20,0
feedforward,,10,7,0.2480122295835449,0.1250082055658461,20,0
feedforward,,10,8,0.20933965837637816,0.1338941265542336,20,0
feedforward,,10,9,0.17069519125858418,0.13492094049078393,20,0
feedforward,,10,10,0.14153111547254033,0.13816676228774477,20,0
feedforward,,10,11,0.11040935521521407,0.1461512031269968,20,0
feedforward,,10,12,0.08506104110461941,0.15453881092180372,20,0
feedforward,,10,13,0.05625434020869684,0.15959345395077873,20,0
feedforward,,10,14,0.04021633195887218,0.1653902485126744,20,0
feedforward,,10,15,0.030956703528944217,0.16990647508948872,20,0
feedforward,,24,0,1.0,0.0,20,0
feedforward,,24,1,0.3447552416719926,0.09335387201678272,20,0
feedforward,,24,2,0.10939013708403593,0.05930389741691196,20,0
feedforward,,24,3,-0.008286985210103836,0.050340611485609234,20,0
feedforward,,24,4,-0.037051768835146576,0.08772339985638528,20,0
feedforward,,24,5,-0.04956157499317333,0.09982225501382472,20,0
feedforward,,24,6,-0.06313602212672599,0.0872340231135341,20,0
feedforward,,24,7,-0.06963694025427203,0.08096363751697642,20,0
feedforward,,24,8,-0.057552318339353224,0.07899655891460833,20,0
feedforward,,24,9,-0.06938864053011692,0.07506100863907224,20,0
feedforward,,24,10,-0.03581782572238207,0.06353145603121606,20,0
feedforward,,24,11,-0.02185281247672995,0.08244252340036386,20,0
feedforward,,24,12,-0.025071948164873063,0.08795810326667333,20,0
feedforward,,24,13,-0.018746503778665238,0.08762510819025855,20,0
feedforward,,24,14,-0.03029799792191968,0.08567784611032797,20,0
feedforward,,24,15,-0.025370171528555176,0.0684001080419553,20,0
feedforward,,50,0,1.0,0.0,20,0
feedforward,,50,1,0.011635462200828282,0.05724353581874052,20,0
feedforward,,50,2,-0.07638183863001738,0.07347226502603643,20,0
feedforward,,50,3,-0.045714007772141504,0.06804213916690188,20,0
feedforward,,50,4,-0.048494809203131796,0.07907337698341023,20,0
feedforward,,50,5,-0.0542346065679425,0.07652918590160644,20,0
feedforward,,50,6,-0.004172729162655294,0.09760963390129604,20,0
feedforward,,50,7,-0.010397674930790652,0.04802074219466907,20,0
feedforward,,50,8,-0.005068124815497102,0.06703022616942146,20,0
feedforward,,50,9,-0.019492009123376283,0.05528932414811301,20,0
feedforward,,50,10,-0.012424407681257448,0.07770442528688007,20,0
feedforward,,50,11,-0.005161454265877061,0.06616132795621876,20,0
feedforward,,50,12,0.01528001171958023,0.0668669390756215,20,0
feedforward,,50,13,0.0036907640656192705,0.05119636780085015,20,0
feedforward,,50,14,-0.010020669838448857,0.06336147663925772,20,0
feedforward,,50,15,0.006595737745531951,0.06955455119939846,20,0
resnet,1.0,2,0,1.0,0.0,20,0
resnet,1.0,2,1,0.9591281493817163,0.029055845369292316,20,0
resnet,1.0,2,2,0.9204744472652457,0.0522990545553985,20,0
resnet,1.0,2,3,0.8816289776538406,0.07702716202327028,20,0
resnet,1.0,2,4,0.844327614717697,0.09989063503004807,20,0
resnet,1.0,2,5,0.8058927159460731,0.12230033011736521,20,0
resnet,1.0,2,6,0.768584733783485,0.14268991620660001,20,0
resnet,1.0,2,7,0.7322055904058845,0.16128603126002358,20,0
resnet,1.0,2,8,0.6993814942141332,0.17600704108895132,20,0
resnet,1.0,2,9,0.6724472947596285,0.18695782383529524,20,0
resnet,1.0,2,10,0.6437580961065124,0.19811002284735021,20,0
resnet,1.0,2,11,0.6113888212050285,0.21190424096785965,20,0
resnet,1.0,2,12,0.5770073988502563,0.22555384483468752,20,0
resnet,1.0,2,13,0.5440875943073468,0.2408619686931534,20,0
resnet,1.0,2,14,0.5095562293158874,0.2562952820279581,20,0
resnet,1.0,2,15,0.4776354773783865,0.268469787009208,20,0
resnet,1.0,4,0,1.0,0.0,20,0
resnet,1.0,4,1,0.9551914587379686,0.023236105757736172,20,0
resnet,1.0,4,2,0.911535322612177,0.043916331701479454,20,0
resnet,1.0,4,3,0.873762024957561,0.055761757660909454,20,0
resnet,1.0,4,4,0.8348710819017471,0.06966150040449287,20,0
resnet,1.0,4,5,0.7930780835691914,0.08603193246362856,20,0
resnet,1.0,4,6,0.7546674135489446,0.09979668390324217,20,0
resnet,1.0,4,7,0.7199613549108759,0.11036115357116716,20,0
resnet,1.0,4,8,0.6858590270577511,0.12045658210479078,20,0
resnet,1.0,4,9,0.6501435853902402,0.1341881304956876,20,0
resnet,1.0,4,10,0.6142060368097593,0.14534081579608737,20,0
resnet,1.0,4,11,0.581979548941802,0.15253785509104378,20,0
resnet,1.0,4,12,0.5495867552127619,0.15991600074146356,20,0
resnet,1.0,4,13,0.5198441932039506,0.16483642970215928,20,0
resnet,1.0,4,14,0.4898565038438085,0.16870295325425894,20,0
resnet,1.0,4,15,0.45886105668242516,0.17162221232002356,20,0
resnet,1.0,10,0,1.0,0.0,20,0
resnet,1.0,10,1,0.9405615339632412,0.022111036017519365,20,0
resnet,1.0,10,2,0.8824775662264347,0.04545127303767948,20,0
resnet,1.0,10,3,0.8299785016900738,0.0656514843962692,20,0
resnet,1.0,10,4,0.7764779755870433,0.08674509931725505,20,0
resnet,1.0,10,5,0.7275082628868967,0.10609156601970711,20,0
resnet,1.0,10,6,0.6772208815517944,0.12658098580197297,20,0
resnet,1.0,10,7,0.6281541410076934,0.14495860993100285,20,0
resnet,1.0,10,8,0.5849436451227762,0.15970649914191423,20,0
resnet,1.0,10,9,0.5439539478962528,0.17033639614772775,20,0
resnet,1.0,10,10,0.5034855041513635,0.1813759694926134,20,0
resnet,1.0,10,11,0.46429739057035474,0.19343600692255658,20,0
resnet,1.0,10,12,0.42688466237715766,0.197061277312717,20,0
resnet,1.0,10,13,0.3905736736539958,0.19793359470053581,20,0
resnet,1.0,10,14,0.3573831620792016,0.19903555855525665,20,0
resnet,1.0,10,15,0.3270056308042378,0.20029418830076223,20,0
resnet,1.0,24,0,1.0,0.0,20,0
resnet,1.0,24,1,0.9157935407824643,0.032836120190537645,20,0
resnet,1.0,24,2,0.8438589278601801,0.054902606905770666,20,0
resnet,1.0,24,3,0.7738100682273643,0.0770923589824683,20,0
resnet,1.0,24,4,0.7105418874511276,0.09894390125459734,20,0
resnet,1.0,24,5,0.6524215012808465,0.11301092861499865,20,0
resnet,1.0,24,6,0.5993711571128851,0.12557894437755865,20,0
resnet,1.0,24,7,0.5488206957769449,0.13491614184034084,20,0
resnet,1.0,24,8,0.505243941672417,0.14160349265633554,20,0
resnet,1.0,24,9,0.462070369077667,0.1502272864787965,20,0
resnet,1.0,24,10,0.4249244608081977,0.15361275652047068,20,0
resnet,1.0,24,11,0.3834500034518302,0.16409733101862212,20,0
resnet,1.0,24,12,0.34524296447328884,0.17465404350102762,20,0
resnet,1.0,24,13,0.3081273029392345,0.18943574634711915,20,0
resnet,1.0,24,14,0.2753161918925023,0.20028680450575792,20,0
resnet,1.0,24,15,0.24520274309342333,0.20847718457272094,20,0
resnet,1.0,50,0,1.0,0.0,20,0
resnet,1.0,50,1,0.8949684094638654,0.042298989961015644,20,0
resnet,1.0,50,2,0.8131656704938095,0.0659999326708016,20,0
resnet,1.0,50,3,0.7343828002993981,0.08634478243724283,20,0
resnet,1.0,50,4,0.6667687532613293,0.09981242530188839,20,0
resnet,1.0,50,5,0.6046658505854221,0.11294105250330624,20,0
resnet,1.0,50,6,0.5508455129071226,0.1235599516556314,20,0
resnet,1.0,50,7,0.4910428423947234,0.14289880374048763,20,0
resnet,1.0,50,8,0.4394093593476517,0.15541037783995484,20,0
resnet,1.0,50,9,0.3929969014397951,0.16458517105689036,20,0
resnet,1.0,50,10,0.3533647701023357,0.16617996409736546,20,0
resnet,1.0,50,11,0.31655643724575777,0.16126310572047836,20,0
resnet,1.0,50,12,0.28377486337629243,0.1532405173050786,20,0
resnet,1.0,50,13,0.25093904736876205,0.14544427634030582,20,0
resnet,1.0,50,14,0.22433484943382123,0.1406743661823816,20,0
resnet,1.0,50,15,0.19924515922905311,0.14279189672679646,20,0
resnet,0.1,2,0,1.0,0.0,20,0
resnet,0.1,2,1,0.9718320152757093,0.02045350320948547,20,0
resnet,0.1,2,2,0.9458260316033489,0.036255261643784814,20,0
resnet,0.1,2,3,0.9207827912700057,0.05104026141362052,20,0
resnet,0.1,2,4,0.896492332111302,0.06563964781247791,20,0
resnet,0.1,2,5,0.8725059546012617,0.08076804790381835,20,0
resnet,0.1,2,6,0.8488578285581531,0.09504026023092428,20,0
resnet,0.1,2,7,0.8257745009278776,0.10856927703625355,20,0
resnet,0.1,2,8,0.8045308936665881,0.11929131077307459,20,0
resnet,0.1,2,9,0.7834634750931401,0.1299424144473139,20,0
resnet,0.1,2,10,0.7636752512043121,0.13856758670559235,20,0
resnet,0.1,2,11,0.742965932643809,0.15073933570660475,20,0
resnet,0.1,2,12,0.722289014948669,0.16146325753783478,20,0
resnet,0.1,2,13,0.7026066037512281,0.16921054188284798,20,0
resnet,0.1,2,14,0.6833512233416674,0.1765936966346606,20,0
resnet,0.1,2,15,0.6643146323159128,0.18346682851326857,20,0
resnet,0.1,4,0,1.0,0.0,20,0
resnet,0.1,4,1,0.9641195692602628,0.023790687446357244,20,0
resnet,0.1,4,2,0.9273554815056201,0.04845753219666392,20,0
resnet,0.1,4,3,0.8950366554890863,0.06281908773497777,20,0
resnet,0.1,4,4,0.8640573040010258,0.07291431412964156,20,0
resnet,0.1,4,5,0.8323473313359099,0.08394492798473549,20,0
resnet,0.1,4,6,0.7996606850000946,0.09643902942429525,20,0
resnet,0.1,4,7,0.7695094596138023,0.10695180262661565,20,0
resnet,0.1,4,8,0.7390371221272954,0.11956266421806774,20,0
resnet,0.1,4,9,0.7092287470250527,0.13349570609913092,20,0
resnet,0.1,4,10,0.6804486624707599,0.14660041181064012,20,0
resnet,0.1,4,11,0.6538077736202192,0.15589013104977478,20,0
resnet,0.1,4,12,0.628592619525951,0.16472949926277022,20,0
resnet,0.1,4,13,0.6023311984095285,0.1759740580731284,20,0
resnet,0.1,4,14,0.5761588143755539,0.18736669296544248,20,0
resnet,0.1,4,15,0.5497520497723007,0.1995391786335642,20,0
resnet,0.1,10,0,1.0,0.0,20,0
resnet,0.1,10,1,0.9699056447434653,0.016080166433946937,20,0
resnet,0.1,10,2,0.9390768390797974,0.03338612168610182,20,0
resnet,0.1,10,3,0.908768437799524,0.04872533120606131,20,0
resnet,0.1,10,4,0.8781909035293575,0.06528830843506989,20,0
resnet,0.1,10,5,0.8482078735602597,0.08182638537138352,20,0
resnet,0.1,10,6,0.8199644283902815,0.09775994660564057,20,0
resnet,0.1,10,7,0.7921233598999,0.11265797716233879,20,0
resnet,0.1,10,8,0.765067484219722,0.12710273195356508,20,0
resnet,0.1,10,9,0.7377688931090707,0.1410287392622616,20,0
resnet,0.1,10,10,0.7122140929989056,0.1524035472140722,20,0
resnet,0.1,10,11,0.6869851103308882,0.16269578525501832,20,0
resnet,0.1,10,12,0.6632810330551882,0.17186867706120473,20,0
resnet,0.1,10,13,0.6382361860613186,0.18135170233452208,20,0
resnet,0.1,10,14,0.6147347660403427,0.1892302737635886,20,0
resnet,0.1,10,15,0.5927738581822283,0.19569266393048468,20,0
resnet,0.1,24,0,1.0,0.0,20,0
resnet,0.1,24,1,0.9700227636459902,0.016146873349177394,20,0
resnet,0.1,24,2,0.9394893521024479,0.031284176789405135,20,0
resnet,0.1,24,3,0.9085312036439065,0.04666670719583089,20,0
resnet,0.1,24,4,0.8768300952727308,0.06337917877042232,20,0
resnet,0.1,24,5,0.846195872415791,0.07784436545508693,20,0
resnet,0.1,24,6,0.8163076041365918,0.09299606920432993,20,0
resnet,0.1,24,7,0.7874493831379661,0.10700221644204498,20,0
resnet,0.1,24,8,0.7593308655436946,0.11919870168718169,20,0
resnet,0.1,24,9,0.730977835875658,0.13331840641193543,20,0
resnet,0.1,24,10,0.7046108533845943,0.14433818496455544,20,0
resnet,0.1,24,11,0.6781721349036632,0.15272600574560022,20,0
resnet,0.1,24,12,0.6520419517843586,0.16098471404672696,20,0
resnet,0.1,24,13,0.6275680976815173,0.16726352712027345,20,0
resnet,0.1,24,14,0.602503221876518,0.17559181277287844,20,0
resnet,0.1,24,15,0.5772811483426349,0.1823095910532659,20,0
resnet,0.1,50,0,1.0,0.0,20,0
resnet,0.1,50,1,0.9647645159290177,0.02124126494707654,20,0
resnet,0.1,50,2,0.9326573695581363,0.037934750184959516,20,0
resnet,0.1,50,3,0.9034285676659473,0.05199056312351119,20,0
resnet,0.1,50,4,0.8719745294907622,0.0652307359961917,20,0
resnet,0.1,50,5,0.8404399159844074,0.07784458032399222,20,0
resnet,0.1,50,6,0.8070087280126301,0.09175609917243313,20,0
resnet,0.1,50,7,0.771505918159215,0.10834562835879342,20,0
resnet,0.1,50,8,0.7386362126963955,0.11891526929634262,20,0
resnet,0.1,50,9,0.709195292226046,0.1261414285784464,20,0
resnet,0.1,50,10,0.6780829309720044,0.1364649733559858,20,0
resnet,0.1,50,11,0.6481319415193547,0.14537086522156917,20,0
resnet,0.1,50,12,0.6186410218514802,0.15439589272372148,20,0
resnet,0.1,50,13,0.5896964984174734,0.16361621456235584,20,0
resnet,0.1,50,14,0.5619915391674205,0.1703528766679378,20,0
resnet,0.1,50,15,0.5336710896149264,0.177878217266575,20,0
white_noise,,,0,1.0,0.0,20,0
white_noise,,,1,-0.006649580611377923,0.06880955511634658,20,0
white_noise,,,2,0.0011432865803267997,0.062312159134139816,20,0
white_noise,,,3,0.01704305395440002,0.06349979935245319,20,0
white_noise,,,4,0.003453757362778931,0.0524758342787156,20,0
white_noise,,,5,-0.03550765787392882,0.055766396852186574,20,0
white_noise,,,6,-0.019598581039647487,0.05649760082296529,20,0
white_noise,,,7,0.0048391502138831685,0.04729794782657672,20,0
white_noise,,,8,-0.016327014680163506,0.07325256210343735,20,0
white_noise,,,9,0.001848561872062248,0.06816735106631241,20,0
white_noise,,,10,-0.010893140162360078,0.05676435670444362,20,0
white_noise,,,11,-0.0028665850332373487,0.04967416180512697,20,0
white_noise,,,12,-0.012416592420212126,0.052492861273973575,20,0
white_noise,,,13,0.00546673103284941,0.0567971097675061,20,0
white_noise,,,14,-0.007394964493616046,0.04519678274303428,20,0
white_noise,,,15,0.013846460558290275,0.057919030077418845,20,0
brown_noise,,,0,1.0,0.0,20,0
brown_noise,,,1,0.9633898802707505,0.02532914820659004,20,0
brown_noise,,,2,0.92754640756254,0.04847113241650393,20,0
brown_noise,,,3,0.8923314586750406,0.07067157876542778,20,0
brown_noise,,,4,0.8581638961051423,0.08955544170714803,20,0
brown_noise,,,5,0.8254986369369182,0.10659087504364377,20,0
brown_noise,,,6,0.7962011972695702,0.11901267808615042,20,0
brown_noise,,,7,0.7689758930306769,0.13027003181084199,20,0
brown_noise,,,8,0.7422510585498884,0.14135663911722998,20,0
brown_noise,,,9,0.7166772309771179,0.14963674942742491,20,0
brown_noise,,,10,0.6922861239149436,0.1555541954065612,20,0
brown_noise,,,11,0.6693550238876588,0.15999421470127506,20,0
brown_noise,,,12,0.6469895411186904,0.1637675715643889,20,0
brown_noise,,,13,0.6259879496711873,0.16516048613180315,20,0
brown_noise,,,14,0.6048428992997515,0.16764825785920584,20,0
brown_noise,,,15,0.5840778206416958,0.170905505332865,20,0
