model,model_slug,depth,seed,batch_index,lag_0,lag_1,lag_2,lag_3,lag_4,lag_5,lag_6,lag_7,lag_8,lag_9,lag_10,lag_11,lag_12,lag_13,lag_14,lag_15
PlainNet,plain,20,0,0,1.0,7.938241318594213e-07,6.880905803961471e-07,5.860115637735701e-07,5.059113878968564e-07,4.268613082987944e-07,3.6433421232324806e-07,2.954149988389935e-07,2.4228670266749874e-07,2.000242409084352e-07,1.5929503629138814e-07,1.1820298396513521e-07,8.60504097671825e-08,5.924043060134014e-08,3.467178838675427e-08,1.574880975111297e-08
PlainNet,plain,20,0,1,1.0,7.956774977127046e-07,6.84164245896185e-07,5.784724314558475e-07,4.946775044973991e-07,4.1975405692179163e-07,3.560449920904812e-07,3.0385636352293814e-07,2.4492103925928177e-07,2.0267283075477846e-07,1.5906195376540384e-07,1.2439015643147374e-07,9.496875132412529e-08,6.665729349593286e-08,4.6325141058503886e-08,1.9065452645674334e-08
PlainNet,plain,20,0,2,1.0,8.535157065384062e-07,7.502987764576221e-07,6.332977059498803e-07,5.444243404710768e-07,4.5704293619501703e-07,3.9394860671363625e-07,3.2120142964578653e-07,2.777281933939168e-07,2.2024464632567904e-07,1.7928273980835598e-07,1.4059083669435518e-07,1.0403851393405336e-07,7.330047369427005e-08,5.168133351036667e-08,3.2436179471404845e-08
PlainNet,plain,20,0,3,1.0,7.368682787606448e-07,6.384827123622697e-07,5.387029313984844e-07,4.6052726178225793e-07,3.926230804225763e-07,3.394344697479519e-07,2.742718982503641e-07,2.284087414754282e-07,1.8789912615204965e-07,1.483872593664278e-07,1.1616912332005824e-07,8.59203737327671e-08,6.120742319433679e-08,3.6094195754001265e-08,2.3851339563074345e-08
PlainNet,plain,20,0,4,1.0,7.789507092293688e-07,6.775900952137226e-07,5.721510051277271e-07,4.90436081177556e-07,4.1173141856237414e-07,3.461567631789773e-07,2.8933414353037905e-07,2.405518416069994e-07,2.0247036191478465e-07,1.581238212726351e-07,1.2393399463791765e-07,1.0116605626823207e-07,7.834966048315111e-08,5.598686595171937e-08,3.960408563632082e-08
Standard ResNet,resnet,20,0,0,1.0,0.26446781691578497,0.21927825234594678,0.13869413246459542,0.3776139244837816,0.12466242104041396,0.12678078932709202,0.08688941063060249,0.2728990198131005,0.08825347997899603,0.08381123640000926,0.06015997875838261,0.2098614481006434,0.06820950322150346,0.05887650014089853,0.03991736157097243
Standard ResNet,resnet,20,0,1,1.0,0.25678533256802494,0.23457347506691384,0.12777959427260208,0.3549492998428413,0.1152561691267161,0.1281446875223639,0.07284902771362883,0.25745859080495404,0.07607049433750052,0.0904988025955567,0.0480207562267308,0.1961349077468567,0.05943515760141806,0.06788717767073657,0.036187436500207136
Standard ResNet,resnet,20,0,2,1.0,0.26509153148612963,0.21948234437257957,0.13476439819966682,0.3566557305932399,0.12293549582648484,0.12380658174214136,0.08750676177515142,0.2672524374644087,0.09169531124102749,0.08923640485288087,0.06257661949467448,0.20486131633178245,0.06578657408406302,0.058946242738148594,0.03941109967933831
Standard ResNet,resnet,20,0,3,1.0,0.259376316007799,0.23407193668579612,0.13568470391405268,0.3831250668245972,0.12375796043911141,0.13530061840248747,0.08162760997553958,0.2813123560772497,0.08638281539714218,0.09687049509501273,0.053722390859815464,0.2138232482108437,0.06284048462441706,0.06661829696617273,0.036535217998098904
Standard ResNet,resnet,20,0,4,1.0,0.2596944661999343,0.2357554712805204,0.13518585184040222,0.38684569873118435,0.11983193984362954,0.1360046999532721,0.07881550094338093,0.2771392165128455,0.07825975110606423,0.09378792772835876,0.05171418482232912,0.20918447608092294,0.059412825019515586,0.06500940033008222,0.034053937944182294
PreAct ResNet,preact,20,0,0,1.0,0.2644661075873993,0.21928051275061716,0.13869392728333763,0.3776037110281914,0.12465807790783417,0.12678049363047683,0.08688763365549684,0.2728984426265061,0.08825351042617138,0.08380983106592123,0.06015942678386592,0.20986136077819167,0.06821134435530057,0.05887646387128008,0.03991712532742835
PreAct ResNet,preact,20,0,1,1.0,0.2567930555686836,0.23456848788423273,0.1277908625288658,0.35494446549968783,0.1152546078955892,0.12814521849576616,0.07285336080635516,0.25745012731871125,0.07607031522624783,0.09049377634928599,0.04802570480460175,0.19613380317009832,0.05942956406103241,0.06788771466793503,0.03618775438386215
PreAct ResNet,preact,20,0,2,1.0,0.265087918708659,0.21945941288395485,0.1347481265093267,0.3566442203974557,0.12292606123019048,0.1237883656050788,0.08749314889726215,0.2672383669949555,0.0916800856698505,0.08921359818851496,0.0625754021881333,0.20487754501575672,0.06577520454147702,0.058957147299007806,0.039424170348513365
PreAct ResNet,preact,20,0,3,1.0,0.2593785307556668,0.2340792456244446,0.135691994639991,0.38312144916891544,0.12376192184876819,0.1352959444997804,0.08162692680955477,0.2813077305923845,0.08638138340755361,0.09686882100038988,0.0537220661827961,0.21382115674374164,0.06284207648273529,0.06661719594149472,0.036540688353639765
PreAct ResNet,preact,20,0,4,1.0,0.2596937852814301,0.23575433644950394,0.1351860304122518,0.3868501221653017,0.11983590946993253,0.13600656638333616,0.07881703170581966,0.27713788114034077,0.07825863266392713,0.09378281510584238,0.05171525745528106,0.20918065403572333,0.059410261101572964,0.06500881066374578,0.03405489061270249
ScaledShortcut lambda=1.0,scaled_l1p0,20,0,0,1.0,0.26446782951276127,0.2192782479657404,0.13869413289560045,0.3776139236182145,0.12466243439570124,0.12678079193121944,0.0868894101697208,0.2728990237286295,0.08825348280938496,0.08381122850203879,0.060159976930734646,0.2098614457843137,0.06820950102866327,0.05887649575590543,0.03991736305540188
ScaledShortcut lambda=1.0,scaled_l1p0,20,0,1,1.0,0.25678533543583004,0.23457347871794443,0.1277795896071713,0.354949306918214,0.11525616624149254,0.12814469442430493,0.07284902182818931,0.2574585928893592,0.07607049433927829,0.09049880969544676,0.048020752260606425,0.19613491401543745,0.05943515222003058,0.06788718039825102,0.036187434754503464
ScaledShortcut lambda=1.0,scaled_l1p0,20,0,2,1.0,0.2650915299348405,0.21948234721448026,0.13476440132402837,0.356655728925783,0.12293549784441168,0.12380658545007606,0.08750676356919318,0.2672524389194112,0.0916953126288263,0.0892364048270905,0.06257661960489383,0.2048613150927731,0.0657865741367491,0.0589462448531968,0.03941109600226932
ScaledShortcut lambda=1.0,scaled_l1p0,20,0,3,1.0,0.259376313130834,0.2340719400225154,0.13568471240477387,0.38312506679283176,0.12375796686292241,0.13530062332563023,0.08162761288953815,0.28131236149676453,0.08638282517918278,0.096870495074328,0.053722391474847635,0.21382324924725649,0.06284048687657612,0.06661829847213724,0.03653521310762317
ScaledShortcut lambda=1.0,scaled_l1p0,20,0,4,1.0,0.25969446939280616,0.2357554694352917,0.13518585472830746,0.38684571164145987,0.1198319451328074,0.13600469880260815,0.07881550773820298,0.27713921767892824,0.07825975849277678,0.09378792757996351,0.0517141860913156,0.20918447605821988,0.059412826049961495,0.06500940014416207,0.03405393716513429
PlainNet,plain,56,0,0,1.0,1.086763906222622e-34,9.543967221818282e-35,8.260760291237669e-35,7.062102642760661e-35,6.042156888721915e-35,5.112121284362043e-35,4.263936796539515e-35,3.4487728341559927e-35,2.7185779787770816e-35,2.1402880689491367e-35,1.6308246116260034e-35,1.1912928769950601e-35,8.243490421954762e-36,5.157998585970423e-36,3.3984673826862617e-36
PlainNet,plain,56,0,1,1.0,1.1751395251993698e-34,1.033407693304274e-34,9.024767606093748e-35,7.784388823481133e-35,6.691388254698939e-35,5.663091681602401e-35,4.679368106622092e-35,3.848021553517483e-35,3.15452529424135e-35,2.3923677681784036e-35,1.8129652406249276e-35,1.2382203113440384e-35,7.904836046091234e-36,4.312345605242668e-36,1.4266841790177139e-36
PlainNet,plain,56,0,2,1.0,1.2650755456313844e-34,1.1166531056357544e-34,9.753931463970874e-35,8.382554463771739e-35,7.342129829563263e-35,6.18276440145076e-35,5.104284491819585e-35,4.2738209947984663e-35,3.4744312990881927e-35,2.781341045212022e-35,2.0118647635033732e-35,1.5157815886428549e-35,1.004620486622627e-35,6.047156952070393e-36,2.6890414299919425e-36
PlainNet,plain,56,0,3,1.0,1.2170191554992737e-34,1.0893398880786253e-34,9.327385149783132e-35,8.041273632138214e-35,6.81168882989091e-35,5.827039877077142e-35,4.824491707267053e-35,3.90358923640843e-35,3.226387465995074e-35,2.472451217974018e-35,1.843262429913656e-35,1.289298901045052e-35,8.375663076556973e-36,4.596210757667015e-36,2.177057954982538e-36
PlainNet,plain,56,0,4,1.0,1.129183328683195e-34,9.973579944654253e-35,8.554547043453318e-35,7.24915421739356e-35,6.190493121205302e-35,5.094964967152079e-35,4.3111502358405e-35,3.4859326070631424e-35,2.7365774160467935e-35,2.1482357841281447e-35,1.6280563522753865e-35,1.1682774812638853e-35,7.982571438217585e-36,5.359880514430263e-36,2.5918150584435186e-36
Standard ResNet,resnet,56,0,0,1.0,0.2722452340104098,0.24225045240842225,0.13864409527992508,0.30384270215138964,0.11609662502567261,0.12367553275416902,0.07097563315068667,0.19707301762125914,0.07195399227189501,0.08187946063859171,0.04675303588192767,0.1426789137027495,0.04744119409614475,0.057829552327441504,0.027525872537170478
Standard ResNet,resnet,56,0,1,1.0,0.2677372986463326,0.24236552119175803,0.1448207612908185,0.29482125080856614,0.10740422349497941,0.12298661500019586,0.07071376456371578,0.19348404667664493,0.06510847197743999,0.07772002252232957,0.04151659549585801,0.13495317900915044,0.044222716006155724,0.05167404093281799,0.02803116392787291
Standard ResNet,resnet,56,0,2,1.0,0.27822732594242594,0.24394704908777404,0.13948816728460517,0.2940359663550187,0.10765919784293544,0.12171645859124945,0.07234205080859918,0.19921503415388347,0.07161544581496743,0.08645916702673435,0.048712698181436545,0.14707306783080057,0.0505228758955082,0.05813305746489053,0.03162605595065258
Standard ResNet,resnet,56,0,3,1.0,0.26507188527244163,0.2266788730544368,0.13585113278172414,0.3084769265977575,0.1089463248349827,0.11081857049259715,0.06774675876728171,0.20369930062939398,0.06866317245374441,0.0761985095496858,0.047872978120945986,0.15302312317128228,0.05246990000353596,0.05633266089016829,0.032441043984314966
Standard ResNet,resnet,56,0,4,1.0,0.25725153697532144,0.23456035628737365,0.1348568031817357,0.3092592910502493,0.10893328902167398,0.12459714721384837,0.07221420852641244,0.2130708683506372,0.07230939867862518,0.08659883424932387,0.04847454825673883,0.15465903403293163,0.05159832221437874,0.05855677654843929,0.029237969434490585
PreAct ResNet,preact,56,0,0,1.0,0.2722428956782622,0.24223981776063125,0.13862942298362274,0.3038327160429122,0.11608048091361381,0.12367358063880222,0.07097471313334232,0.19707163026870458,0.07195241958768417,0.08186438395286122,0.046742021293691746,0.14267698611336135,0.04743678600530893,0.05782253988293565,0.027519949470451086
PreAct ResNet,preact,56,0,1,1.0,0.2677305499609558,0.24234547629720843,0.14481321924675467,0.29481588947951215,0.10740832049506507,0.12297264098931053,0.07071923324152976,0.1934838457869361,0.06509982236647839,0.07771239383176193,0.04152034804618558,0.1349512663687204,0.04422317219596504,0.0516684736976277,0.02803164930683166
PreAct ResNet,preact,56,0,2,1.0,0.27823917597000336,0.2439651792251033,0.13950368285486045,0.2940508737082427,0.1076656968393396,0.12173360202048736,0.07235196317749747,0.199226236434898,0.0716279275032573,0.08646682366623004,0.04871640805781209,0.14705719322390626,0.050515856595755276,0.05811212117463577,0.0316298597798013
PreAct ResNet,preact,56,0,3,1.0,0.2650533394500737,0.2266765342837694,0.13583903261209745,0.30845952412559324,0.10894958056289049,0.11083519571558481,0.06775686762411956,0.20369279702473803,0.06865838696806448,0.07621926390126105,0.04789318225279508,0.15303112721674758,0.05247670417674319,0.056338824412867354,0.03245380663234947
PreAct ResNet,preact,56,0,4,1.0,0.2572443069007698,0.23456975972837468,0.1348546854661204,0.3092498636925836,0.10893323049009213,0.12460207603278758,0.07221818864837168,0.21306692445822423,0.07230397261216417,0.08659736081569669,0.04846933967401678,0.15465787165495976,0.05159487918580509,0.05855477622577794,0.029240410760943157
ScaledShortcut lambda=1.0,scaled_l1p0,56,0,0,1.0,0.2722452292856437,0.2422504451914762,0.13864408853093224,0.3038427010137027,0.11609661873957675,0.12367552933642628,0.07097562497262125,0.19707300656858984,0.0719539826079047,0.08187945747669084,0.046753038467545624,0.142678911541829,0.04744119808426663,0.05782955357850299,0.027525873369562956
ScaledShortcut lambda=1.0,scaled_l1p0,56,0,1,1.0,0.26773729211261965,0.2423655241691548,0.14482076311633194,0.2948212568447679,0.10740422233946392,0.12298662859916604,0.07071376650832292,0.19348405174288308,0.0651084682454678,0.07772002565029543,0.04151659288884796,0.13495318029787123,0.044222723867693166,0.05167405155736412,0.028031166176226925
ScaledShortcut lambda=1.0,scaled_l1p0,56,0,2,1.0,0.2782273302339575,0.24394705542073356,0.13948816513426782,0.2940359624094765,0.10765919883562228,0.1217164611978786,0.07234204380719675,0.19921502336217753,0.07161544326158664,0.08645916621198502,0.048712693372782084,0.14707306744925602,0.05052287440797997,0.05813305569877353,0.031626060166469405
ScaledShortcut lambda=1.0,scaled_l1p0,56,0,3,1.0,0.2650718911841483,0.22667886784607694,0.13585112755249631,0.3084769235053199,0.10894632172506524,0.11081855700232485,0.0677467562995388,0.20369929954677823,0.0686631745315806,0.07619850606567188,0.047872978644627424,0.15302312146895725,0.05246990647203361,0.056332660038441895,0.03244104555524753
ScaledShortcut lambda=1.0,scaled_l1p0,56,0,4,1.0,0.2572515353636157,0.23456035390185492,0.13485679854597976,0.3092592867411317,0.10893328629254659,0.12459714684427703,0.0722142067612852,0.21307086693308092,0.07230940013263398,0.08659883194507917,0.04847454794180465,0.1546590315999421,0.05159831878927917,0.05855677561673288,0.02923797399472084
