run,model,model_name,depth,shortcut_lambda,epoch,train_loss,train_accuracy,val_loss,val_accuracy,shallow_to_deep_ratio,log_grad_norm_variance,dataset,device
identity_mapping_full_training,PlainNet-56,PlainNet,56,1.0,1,2.16579797164917,0.17048,2.0625211059570314,0.2277,0.29749056411704966,0.07575074142428234,CIFAR10,cuda
identity_mapping_full_training,PlainNet-56,PlainNet,56,1.0,2,1.9881937646484376,0.25364,1.961945122909546,0.2605,0.12974892859017553,0.11566579928417449,CIFAR10,cuda
identity_mapping_full_training,PlainNet-56,PlainNet,56,1.0,3,1.921184913406372,0.27816,1.8695051620483398,0.2938,0.5671855026049686,0.02666421712969826,CIFAR10,cuda
identity_mapping_full_training,PlainNet-56,PlainNet,56,1.0,4,1.8560109855270386,0.30124,1.8364002822875976,0.3132,0.4188563738984281,0.03491429906966503,CIFAR10,cuda
identity_mapping_full_training,PlainNet-56,PlainNet,56,1.0,5,1.781388062324524,0.33068,1.7683477020263672,0.3496,0.5911786039713226,0.0236767936324697,CIFAR10,cuda
identity_mapping_full_training,PlainNet-56,PlainNet,56,1.0,6,1.692115558013916,0.36332,1.6387324453353882,0.3813,0.5165066434781577,0.01819282277851329,CIFAR10,cuda
identity_mapping_full_training,PlainNet-56,PlainNet,56,1.0,7,1.6264533374786376,0.39396,1.643067179107666,0.3833,0.5638089230753075,0.021754021940149523,CIFAR10,cuda
identity_mapping_full_training,PlainNet-56,PlainNet,56,1.0,8,1.5538416506958008,0.4239,1.5799252027511597,0.4116,1.069559210872002,0.02033592425533744,CIFAR10,cuda
identity_mapping_full_training,PlainNet-56,PlainNet,56,1.0,9,1.4731368981170654,0.45746,1.648745680809021,0.4188,0.7742472800675463,0.02110096650852413,CIFAR10,cuda
identity_mapping_full_training,PlainNet-56,PlainNet,56,1.0,10,1.3886330001449585,0.49198,1.5578727394104004,0.4346,0.7822508763476799,0.02179381977154095,CIFAR10,cuda
identity_mapping_full_training,PlainNet-56,PlainNet,56,1.0,11,1.3046883234405517,0.52668,1.347795249938965,0.5126,0.8045235359532357,0.014831668669576904,CIFAR10,cuda
identity_mapping_full_training,PlainNet-56,PlainNet,56,1.0,12,1.2327914572143555,0.55436,1.4713566827774047,0.4744,0.7389364478716149,0.018935045805900014,CIFAR10,cuda
identity_mapping_full_training,PlainNet-56,PlainNet,56,1.0,13,1.1586683653640748,0.58326,1.5632283977508545,0.4676,0.8435600679587908,0.0234473163528929,CIFAR10,cuda
identity_mapping_full_training,PlainNet-56,PlainNet,56,1.0,14,1.095621221847534,0.60818,1.446255553817749,0.5208,0.6902979151644928,0.02084005079390789,CIFAR10,cuda
identity_mapping_full_training,PlainNet-56,PlainNet,56,1.0,15,1.0440547468185424,0.63042,1.6349972311019898,0.4817,0.8213781989630762,0.020787532387493472,CIFAR10,cuda
identity_mapping_full_training,PlainNet-56,PlainNet,56,1.0,16,0.9930797316932678,0.65226,1.5254069425582886,0.4917,0.9716094714770678,0.02869321166257471,CIFAR10,cuda
identity_mapping_full_training,PlainNet-56,PlainNet,56,1.0,17,0.9504382582473755,0.6669,1.057769843864441,0.6315,0.9582501598705275,0.03712186093309334,CIFAR10,cuda
identity_mapping_full_training,PlainNet-56,PlainNet,56,1.0,18,0.9108643112182617,0.68062,1.4003193241119385,0.5351,0.6686666074682697,0.028456743251218587,CIFAR10,cuda
identity_mapping_full_training,PlainNet-56,PlainNet,56,1.0,19,0.8816060395812988,0.69432,0.9965015287399293,0.6635,0.7333021479069378,0.029996299411845073,CIFAR10,cuda
identity_mapping_full_training,PlainNet-56,PlainNet,56,1.0,20,0.8462644838714599,0.70508,1.086663897228241,0.633,0.9468451150546864,0.017935099664283055,CIFAR10,cuda
identity_mapping_full_training,PlainNet-56,PlainNet,56,1.0,21,0.8229263013744355,0.71356,0.8883216374635696,0.6952,1.2774642072721223,0.03903490493820125,CIFAR10,cuda
identity_mapping_full_training,PlainNet-56,PlainNet,56,1.0,22,0.8041429356765747,0.72304,1.8304355152130127,0.4607,1.8493207870948345,0.0442855742503345,CIFAR10,cuda
identity_mapping_full_training,PlainNet-56,PlainNet,56,1.0,23,0.7826760389518738,0.7291,1.425806855392456,0.5436,1.3359455449328763,0.0300871590929769,CIFAR10,cuda
identity_mapping_full_training,PlainNet-56,PlainNet,56,1.0,24,0.7639792047309876,0.73816,1.233193844795227,0.5924,0.9095755629745781,0.03064021504468437,CIFAR10,cuda
identity_mapping_full_training,PlainNet-56,PlainNet,56,1.0,25,0.7453496496200561,0.74364,0.9108907200813293,0.6825,1.0710641092422286,0.030163772492712945,CIFAR10,cuda
identity_mapping_full_training,PlainNet-56,PlainNet,56,1.0,26,0.7429228453254699,0.74544,1.054205203294754,0.6474,0.7638754779242256,0.03761485947454389,CIFAR10,cuda
identity_mapping_full_training,PlainNet-56,PlainNet,56,1.0,27,0.716772946510315,0.75364,1.1600211212158202,0.6069,0.9118221319565178,0.03426831889644023,CIFAR10,cuda
identity_mapping_full_training,PlainNet-56,PlainNet,56,1.0,28,0.7049887760353089,0.75766,1.0620185318946838,0.6503,1.7775525596148551,0.03415529048788472,CIFAR10,cuda
identity_mapping_full_training,PlainNet-56,PlainNet,56,1.0,29,0.6943792289161682,0.76172,0.8967958490371704,0.6938,0.8990924956257834,0.03400308742439219,CIFAR10,cuda
identity_mapping_full_training,PlainNet-56,PlainNet,56,1.0,30,0.6905496684265137,0.7656,0.8400010527610778,0.7137,1.0057724828996824,0.031942319799358986,CIFAR10,cuda
identity_mapping_full_training,ResNet-56,ResNetV1,56,1.0,1,1.5721799222946167,0.41532,1.475402687072754,0.4949,0.7124809124973259,0.019519190702323462,CIFAR10,cuda
identity_mapping_full_training,ResNet-56,ResNetV1,56,1.0,2,1.0314669292068481,0.62812,1.0555051906585693,0.6323,0.8947834331656844,0.01879330391713167,CIFAR10,cuda
identity_mapping_full_training,ResNet-56,ResNetV1,56,1.0,3,0.7833778550910949,0.72638,0.79101311211586,0.7229,0.6430227777969907,0.027378690693043856,CIFAR10,cuda
identity_mapping_full_training,ResNet-56,ResNetV1,56,1.0,4,0.6546574433517456,0.77158,0.7100121486186981,0.753,0.48985614201132044,0.03660677612505842,CIFAR10,cuda
identity_mapping_full_training,ResNet-56,ResNetV1,56,1.0,5,0.5651486420440673,0.8022,0.6111154364585877,0.7888,0.7278275832323051,0.023225078221962174,CIFAR10,cuda
identity_mapping_full_training,ResNet-56,ResNetV1,56,1.0,6,0.5051252751636505,0.8256,0.6205372153282166,0.7894,0.7054954633207592,0.025088839645542628,CIFAR10,cuda
identity_mapping_full_training,ResNet-56,ResNetV1,56,1.0,7,0.44971499051094055,0.84426,0.6419698583364487,0.7773,0.6009266592079744,0.03466852392692645,CIFAR10,cuda
identity_mapping_full_training,ResNet-56,ResNetV1,56,1.0,8,0.4162436060810089,0.85608,0.5582315509796143,0.8105,0.4313333918976143,0.03877451604823876,CIFAR10,cuda
identity_mapping_full_training,ResNet-56,ResNetV1,56,1.0,9,0.3836403067207336,0.86476,0.5765393983840943,0.8059,0.9126143492151109,0.027289478305300374,CIFAR10,cuda
identity_mapping_full_training,ResNet-56,ResNetV1,56,1.0,10,0.3540527100753784,0.8775,0.6234942932844162,0.7975,0.47246842949968404,0.040219948118446126,CIFAR10,cuda
identity_mapping_full_training,ResNet-56,ResNetV1,56,1.0,11,0.3305916907310486,0.8855,0.590866718006134,0.8079,0.5374968608786197,0.035928314161391736,CIFAR10,cuda
identity_mapping_full_training,ResNet-56,ResNetV1,56,1.0,12,0.31263995913505555,0.89142,0.6073602418422699,0.8019,0.5832204840791343,0.031098959491600128,CIFAR10,cuda
identity_mapping_full_training,ResNet-56,ResNetV1,56,1.0,13,0.29585604625701906,0.89752,0.5428570384025574,0.8218,0.4982287070390148,0.03162154887940005,CIFAR10,cuda
identity_mapping_full_training,ResNet-56,ResNetV1,56,1.0,14,0.2847950232505798,0.89982,0.5379421693205834,0.8259,0.49470017141245654,0.037747317588484826,CIFAR10,cuda
identity_mapping_full_training,ResNet-56,ResNetV1,56,1.0,15,0.2730953415298462,0.90388,0.5962796529889107,0.8046,0.47511518916351836,0.04254408535849881,CIFAR10,cuda
identity_mapping_full_training,ResNet-56,ResNetV1,56,1.0,16,0.2614487258005142,0.90744,0.5219231895923615,0.8265,0.5882875534487568,0.03264750616884415,CIFAR10,cuda
identity_mapping_full_training,ResNet-56,ResNetV1,56,1.0,17,0.25391104263424874,0.9113,0.6078696473121643,0.8046,0.4759541004157014,0.04006419724342286,CIFAR10,cuda
identity_mapping_full_training,ResNet-56,ResNetV1,56,1.0,18,0.24380415680885315,0.9148,0.6192230994701385,0.8049,0.6937055905923017,0.02874514062834683,CIFAR10,cuda
identity_mapping_full_training,ResNet-56,ResNetV1,56,1.0,19,0.23671591867923736,0.9178,0.5865917401790619,0.8107,0.48367702141599556,0.040057127002425266,CIFAR10,cuda
identity_mapping_full_training,ResNet-56,ResNetV1,56,1.0,20,0.23107702452182768,0.9189,0.5405952285408974,0.8266,0.4117008052235259,0.0460821602361609,CIFAR10,cuda
identity_mapping_full_training,ResNet-56,ResNetV1,56,1.0,21,0.22284965298175813,0.92314,0.5291643202662468,0.8314,0.32339941562489977,0.06311473275277,CIFAR10,cuda
identity_mapping_full_training,ResNet-56,ResNetV1,56,1.0,22,0.2173422073841095,0.92348,0.6385388262271882,0.8111,0.47782874417009835,0.0413427456082983,CIFAR10,cuda
identity_mapping_full_training,ResNet-56,ResNetV1,56,1.0,23,0.21221058836460113,0.92574,0.7051366119503975,0.7881,0.48597224329781724,0.03967149542125178,CIFAR10,cuda
identity_mapping_full_training,ResNet-56,ResNetV1,56,1.0,24,0.20946017146587373,0.92748,0.4949117913544178,0.8411,0.49136508462858675,0.03630661769529241,CIFAR10,cuda
identity_mapping_full_training,ResNet-56,ResNetV1,56,1.0,25,0.1992159086370468,0.93196,0.5963314535140991,0.8124,0.5191526464686754,0.03724770806481336,CIFAR10,cuda
identity_mapping_full_training,ResNet-56,ResNetV1,56,1.0,26,0.20177080285072327,0.9293,0.5708881078243255,0.8276,0.574469634675485,0.04300286667158331,CIFAR10,cuda
identity_mapping_full_training,ResNet-56,ResNetV1,56,1.0,27,0.19162607694387435,0.9341,0.6251014169692993,0.8131,0.47067591300339,0.03924402957325836,CIFAR10,cuda
identity_mapping_full_training,ResNet-56,ResNetV1,56,1.0,28,0.19746506524562835,0.93084,0.6677633184432984,0.7887,0.4859446762751139,0.03879071910626127,CIFAR10,cuda
identity_mapping_full_training,ResNet-56,ResNetV1,56,1.0,29,0.18514571898937227,0.93554,0.5734406355798245,0.8262,0.43535018402875725,0.04388835693284321,CIFAR10,cuda
identity_mapping_full_training,ResNet-56,ResNetV1,56,1.0,30,0.19291689650535584,0.93304,0.6394574330806733,0.8077,0.452585432207168,0.04282584976944199,CIFAR10,cuda
identity_mapping_full_training,PreActResNet-56,PreActResNet,56,1.0,1,1.60445869682312,0.40408,1.2866204711914062,0.5325,1.064898304397853,0.010444362006453418,CIFAR10,cuda
identity_mapping_full_training,PreActResNet-56,PreActResNet,56,1.0,2,1.0716349040985107,0.61882,0.9237235531806945,0.6722,0.9225707541458952,0.012936914009935636,CIFAR10,cuda
identity_mapping_full_training,PreActResNet-56,PreActResNet,56,1.0,3,0.8070684449386597,0.71852,0.7866453855991363,0.7301,0.9772208433130475,0.013557173029499506,CIFAR10,cuda
identity_mapping_full_training,PreActResNet-56,PreActResNet,56,1.0,4,0.6610746401596069,0.77062,0.6870511796474457,0.7617,0.6685618160079947,0.021328484584402348,CIFAR10,cuda
identity_mapping_full_training,PreActResNet-56,PreActResNet,56,1.0,5,0.562677529296875,0.80702,0.5898260286569595,0.793,0.7054558080777682,0.0226739772682891,CIFAR10,cuda
identity_mapping_full_training,PreActResNet-56,PreActResNet,56,1.0,6,0.4901995624732971,0.831,0.5529973557949066,0.8127,0.5538415703823814,0.031134386674382526,CIFAR10,cuda
identity_mapping_full_training,PreActResNet-56,PreActResNet,56,1.0,7,0.4403331622505188,0.85026,0.6466533007144928,0.7846,0.8046150370179199,0.022670594439778955,CIFAR10,cuda
identity_mapping_full_training,PreActResNet-56,PreActResNet,56,1.0,8,0.39954058570861817,0.86288,0.5259517649888993,0.8218,0.6255164143468424,0.028908744709734945,CIFAR10,cuda
identity_mapping_full_training,PreActResNet-56,PreActResNet,56,1.0,9,0.3681810750675201,0.87154,0.6533303902626038,0.7882,0.7498554127009428,0.030064882866417744,CIFAR10,cuda
identity_mapping_full_training,PreActResNet-56,PreActResNet,56,1.0,10,0.34051910937309265,0.88314,0.5687528619527816,0.814,0.6280947688610605,0.0356509327906789,CIFAR10,cuda
identity_mapping_full_training,PreActResNet-56,PreActResNet,56,1.0,11,0.32305493978500366,0.88778,0.5873161203145981,0.8058,0.9342344960352537,0.020159936406579107,CIFAR10,cuda
identity_mapping_full_training,PreActResNet-56,PreActResNet,56,1.0,12,0.3114386513519287,0.89174,0.572347781407833,0.8122,0.751217241904831,0.030252579921422936,CIFAR10,cuda
identity_mapping_full_training,PreActResNet-56,PreActResNet,56,1.0,13,0.2949754457473755,0.8971,0.6922678314805031,0.7834,0.6312043595376432,0.0324006045899494,CIFAR10,cuda
identity_mapping_full_training,PreActResNet-56,PreActResNet,56,1.0,14,0.2822535681247711,0.90308,0.5444138658285141,0.8228,0.6177363523331737,0.04325103006611739,CIFAR10,cuda
identity_mapping_full_training,PreActResNet-56,PreActResNet,56,1.0,15,0.2727738244724274,0.90528,0.515761236190796,0.8316,0.640230041716499,0.03035060740906062,CIFAR10,cuda
identity_mapping_full_training,PreActResNet-56,PreActResNet,56,1.0,16,0.2616237825918198,0.90852,0.6743579662799836,0.7978,0.6167105346764429,0.03884433261313686,CIFAR10,cuda
identity_mapping_full_training,PreActResNet-56,PreActResNet,56,1.0,17,0.25257812433719634,0.91308,0.5999122471570969,0.8125,0.7681460012235635,0.030158567773939444,CIFAR10,cuda
identity_mapping_full_training,PreActResNet-56,PreActResNet,56,1.0,18,0.24476705761909484,0.91412,0.5802250295132398,0.824,0.6177292747236279,0.03235208457167101,CIFAR10,cuda
identity_mapping_full_training,PreActResNet-56,PreActResNet,56,1.0,19,0.24496457810878752,0.91478,0.5946897090435028,0.8138,0.6044404263249701,0.04105989604095388,CIFAR10,cuda
identity_mapping_full_training,PreActResNet-56,PreActResNet,56,1.0,20,0.2424292123413086,0.91624,0.5881261105716229,0.8156,0.5149728947222788,0.04225298806445981,CIFAR10,cuda
identity_mapping_full_training,PreActResNet-56,PreActResNet,56,1.0,21,0.2302062758207321,0.92016,0.6106230125427247,0.8099,0.6687009693458935,0.03176629279277992,CIFAR10,cuda
identity_mapping_full_training,PreActResNet-56,PreActResNet,56,1.0,22,0.2222948244190216,0.92344,0.6161379500389099,0.8148,0.6901075165954003,0.040426254616074124,CIFAR10,cuda
identity_mapping_full_training,PreActResNet-56,PreActResNet,56,1.0,23,0.22012935102939607,0.92394,0.6924197413086891,0.7959,0.6377115216796065,0.035913941666945,CIFAR10,cuda
identity_mapping_full_training,PreActResNet-56,PreActResNet,56,1.0,24,0.21587209562778473,0.92582,0.5975741421282291,0.8136,0.572451284298144,0.04059828271914401,CIFAR10,cuda
identity_mapping_full_training,PreActResNet-56,PreActResNet,56,1.0,25,0.21316836276054382,0.92624,0.5737471197605133,0.8182,0.8661639825141725,0.03476813796588921,CIFAR10,cuda
identity_mapping_full_training,PreActResNet-56,PreActResNet,56,1.0,26,0.21024591199159623,0.92532,0.5619709593176841,0.8255,0.5551481853796137,0.04229250121838034,CIFAR10,cuda
identity_mapping_full_training,PreActResNet-56,PreActResNet,56,1.0,27,0.19575973358631135,0.93226,0.586496505689621,0.824,0.6360230212858611,0.031020710246704535,CIFAR10,cuda
identity_mapping_full_training,PreActResNet-56,PreActResNet,56,1.0,28,0.20430629349708557,0.92904,0.6415387102127075,0.8002,0.6967195754518104,0.037284180855845034,CIFAR10,cuda
identity_mapping_full_training,PreActResNet-56,PreActResNet,56,1.0,29,0.204486087436676,0.92968,0.6291803045749664,0.8122,0.6040421637704924,0.040414652849667894,CIFAR10,cuda
identity_mapping_full_training,PreActResNet-56,PreActResNet,56,1.0,30,0.19795264444828034,0.9317,0.708533166718483,0.7988,0.5163131221711907,0.0517277351459316,CIFAR10,cuda
identity_mapping_full_training,ScaledShortcutResNet-56-lambda0.5,ScaledShortcutResNet,56,0.5,1,1.9559863372802735,0.24308,1.894056639289856,0.2628,0.6667987340839439,0.0261888258153854,CIFAR10,cuda
identity_mapping_full_training,ScaledShortcutResNet-56-lambda0.5,ScaledShortcutResNet,56,0.5,2,1.7771234267425537,0.32206,1.7993471113204955,0.3226,0.5689127650455549,0.015014329531968951,CIFAR10,cuda
identity_mapping_full_training,ScaledShortcutResNet-56-lambda0.5,ScaledShortcutResNet,56,0.5,3,1.6395968511199952,0.38892,1.6291197999954223,0.399,0.8629423823253937,0.00980265255941661,CIFAR10,cuda
identity_mapping_full_training,ScaledShortcutResNet-56-lambda0.5,ScaledShortcutResNet,56,0.5,4,1.54641452709198,0.42694,1.6424198976516724,0.3969,0.6070243557363356,0.015456161511730758,CIFAR10,cuda
identity_mapping_full_training,ScaledShortcutResNet-56-lambda0.5,ScaledShortcutResNet,56,0.5,5,1.4441923448944092,0.46716,1.7301343421936035,0.4013,0.714117830720437,0.011851315311810658,CIFAR10,cuda
identity_mapping_full_training,ScaledShortcutResNet-56-lambda0.5,ScaledShortcutResNet,56,0.5,6,1.3286466375732422,0.51378,1.455641548538208,0.4773,0.6135987833263274,0.012821249938076328,CIFAR10,cuda
identity_mapping_full_training,ScaledShortcutResNet-56-lambda0.5,ScaledShortcutResNet,56,0.5,7,1.19684290681839,0.56966,1.272971187210083,0.536,0.7288802584707463,0.013064355321576217,CIFAR10,cuda
identity_mapping_full_training,ScaledShortcutResNet-56-lambda0.5,ScaledShortcutResNet,56,0.5,8,1.0789303986358643,0.61492,1.1741914743423463,0.5914,0.5751545372847477,0.021370662474276186,CIFAR10,cuda
identity_mapping_full_training,ScaledShortcutResNet-56-lambda0.5,ScaledShortcutResNet,56,0.5,9,0.978472433128357,0.65102,1.0622415605545044,0.6226,0.46534052164340656,0.021928462795524607,CIFAR10,cuda
identity_mapping_full_training,ScaledShortcutResNet-56-lambda0.5,ScaledShortcutResNet,56,0.5,10,0.9055114950180053,0.68054,1.0537541841506959,0.6363,0.7621013246628955,0.014593411982158013,CIFAR10,cuda
identity_mapping_full_training,ScaledShortcutResNet-56-lambda0.5,ScaledShortcutResNet,56,0.5,11,0.8501655933380127,0.70226,0.8949048888206482,0.6864,0.5758973033300635,0.01980790047807552,CIFAR10,cuda
identity_mapping_full_training,ScaledShortcutResNet-56-lambda0.5,ScaledShortcutResNet,56,0.5,12,0.8004471303558349,0.72154,0.9581039918899537,0.6773,0.7237992659936755,0.01652523192556337,CIFAR10,cuda
identity_mapping_full_training,ScaledShortcutResNet-56-lambda0.5,ScaledShortcutResNet,56,0.5,13,0.7639117753219604,0.73416,1.0166858758926391,0.6589,0.6092097165995457,0.018616633988690238,CIFAR10,cuda
identity_mapping_full_training,ScaledShortcutResNet-56-lambda0.5,ScaledShortcutResNet,56,0.5,14,0.7271595273590088,0.74768,0.9520718338012696,0.6758,0.6149932868119313,0.02100308773595091,CIFAR10,cuda
identity_mapping_full_training,ScaledShortcutResNet-56-lambda0.5,ScaledShortcutResNet,56,0.5,15,0.7062954699325561,0.75638,0.8374982502698898,0.7117,0.5053913248405216,0.02935667461096685,CIFAR10,cuda
identity_mapping_full_training,ScaledShortcutResNet-56-lambda0.5,ScaledShortcutResNet,56,0.5,16,0.6793393069648742,0.7657,0.8712103459835052,0.7056,0.612123687509307,0.023804905674796102,CIFAR10,cuda
identity_mapping_full_training,ScaledShortcutResNet-56-lambda0.5,ScaledShortcutResNet,56,0.5,17,0.6567488572502136,0.77472,0.9011332004070282,0.6921,0.7589080092484606,0.020726221115597854,CIFAR10,cuda
identity_mapping_full_training,ScaledShortcutResNet-56-lambda0.5,ScaledShortcutResNet,56,0.5,18,0.6343460720634461,0.78098,0.7072248112916947,0.7536,0.6340213264107657,0.023223303520165314,CIFAR10,cuda
identity_mapping_full_training,ScaledShortcutResNet-56-lambda0.5,ScaledShortcutResNet,56,0.5,19,0.6236233881759644,0.78512,0.7907791699409484,0.7367,0.44190207842746254,0.03367933705289871,CIFAR10,cuda
identity_mapping_full_training,ScaledShortcutResNet-56-lambda0.5,ScaledShortcutResNet,56,0.5,20,0.6079727696228028,0.78926,1.073343087387085,0.6547,0.4853001518433739,0.03457295718518319,CIFAR10,cuda
identity_mapping_full_training,ScaledShortcutResNet-56-lambda0.5,ScaledShortcutResNet,56,0.5,21,0.5885293781471252,0.79782,0.8599235224485398,0.7197,0.5579126321294979,0.03249948004907441,CIFAR10,cuda
identity_mapping_full_training,ScaledShortcutResNet-56-lambda0.5,ScaledShortcutResNet,56,0.5,22,0.5747593481254578,0.8034,0.8497447021484374,0.7117,0.6361052611984346,0.02728125773322078,CIFAR10,cuda
identity_mapping_full_training,ScaledShortcutResNet-56-lambda0.5,ScaledShortcutResNet,56,0.5,23,0.560979993057251,0.80892,0.7300762796282768,0.7557,0.5839112080131716,0.02933799426901901,CIFAR10,cuda
identity_mapping_full_training,ScaledShortcutResNet-56-lambda0.5,ScaledShortcutResNet,56,0.5,24,0.5506070889282226,0.81092,0.9547987597465515,0.6878,0.6020837069383509,0.03266501118071809,CIFAR10,cuda
identity_mapping_full_training,ScaledShortcutResNet-56-lambda0.5,ScaledShortcutResNet,56,0.5,25,0.541397062625885,0.81448,0.918748078918457,0.7077,0.7254931792369311,0.025465739730829995,CIFAR10,cuda
identity_mapping_full_training,ScaledShortcutResNet-56-lambda0.5,ScaledShortcutResNet,56,0.5,26,0.5319710088920593,0.81754,1.0224729393959044,0.693,0.6211561858491713,0.031978421530091894,CIFAR10,cuda
identity_mapping_full_training,ScaledShortcutResNet-56-lambda0.5,ScaledShortcutResNet,56,0.5,27,0.5168719418525696,0.8247,0.7319279226779938,0.7621,0.5465404277084016,0.0344879569972129,CIFAR10,cuda
identity_mapping_full_training,ScaledShortcutResNet-56-lambda0.5,ScaledShortcutResNet,56,0.5,28,0.5077317237091065,0.8258,1.0493594249725342,0.6584,1.0932514336110044,0.026823526146893064,CIFAR10,cuda
identity_mapping_full_training,ScaledShortcutResNet-56-lambda0.5,ScaledShortcutResNet,56,0.5,29,0.50135953125,0.82916,0.7373217676281929,0.761,0.6908125583318061,0.03311246594951448,CIFAR10,cuda
identity_mapping_full_training,ScaledShortcutResNet-56-lambda0.5,ScaledShortcutResNet,56,0.5,30,0.4907419247055054,0.83146,0.8378391064882278,0.7332,0.7557395660949978,0.04105373663797328,CIFAR10,cuda
identity_mapping_full_training,ScaledShortcutResNet-56-lambda0.9,ScaledShortcutResNet,56,0.9,1,1.671591379623413,0.37064,1.5041604164123534,0.4533,0.5862852031822018,0.024033371266814842,CIFAR10,cuda
identity_mapping_full_training,ScaledShortcutResNet-56-lambda0.9,ScaledShortcutResNet,56,0.9,2,1.1710051228332519,0.57928,1.050898705291748,0.6212,0.992762017233491,0.02406546666149569,CIFAR10,cuda
identity_mapping_full_training,ScaledShortcutResNet-56-lambda0.9,ScaledShortcutResNet,56,0.9,3,0.8942019416809082,0.68456,0.9019228479862214,0.6889,0.6543425648587204,0.023882830775584223,CIFAR10,cuda
identity_mapping_full_training,ScaledShortcutResNet-56-lambda0.9,ScaledShortcutResNet,56,0.9,4,0.7569968167114258,0.7364,0.7874442810058594,0.7283,0.530448689700327,0.030513111721899678,CIFAR10,cuda
identity_mapping_full_training,ScaledShortcutResNet-56-lambda0.9,ScaledShortcutResNet,56,0.9,5,0.6405201094436646,0.77872,0.7382718999862671,0.7468,0.7003677532285953,0.021859417918379007,CIFAR10,cuda
identity_mapping_full_training,ScaledShortcutResNet-56-lambda0.9,ScaledShortcutResNet,56,0.9,6,0.5657378173208236,0.80574,0.7236055627822876,0.747,0.4904060392605063,0.031981580516302725,CIFAR10,cuda
identity_mapping_full_training,ScaledShortcutResNet-56-lambda0.9,ScaledShortcutResNet,56,0.9,7,0.5049765421962739,0.82686,0.6869660197019577,0.7663,0.6040741784526047,0.027856763557276457,CIFAR10,cuda
identity_mapping_full_training,ScaledShortcutResNet-56-lambda0.9,ScaledShortcutResNet,56,0.9,8,0.46537965795516967,0.84042,0.5869981040716171,0.7975,0.42454450906482905,0.038663919800130425,CIFAR10,cuda
identity_mapping_full_training,ScaledShortcutResNet-56-lambda0.9,ScaledShortcutResNet,56,0.9,9,0.4270816780090332,0.8525,0.6846198275804519,0.7683,0.6418795890447662,0.02558949237124868,CIFAR10,cuda
identity_mapping_full_training,ScaledShortcutResNet-56-lambda0.9,ScaledShortcutResNet,56,0.9,10,0.40149272585868834,0.86044,0.6528641575813293,0.7846,0.4749070952024357,0.03402356440924319,CIFAR10,cuda
identity_mapping_full_training,ScaledShortcutResNet-56-lambda0.9,ScaledShortcutResNet,56,0.9,11,0.37160724277973173,0.87254,0.6464058978557586,0.791,0.5564029330518353,0.03161796360777552,CIFAR10,cuda
identity_mapping_full_training,ScaledShortcutResNet-56-lambda0.9,ScaledShortcutResNet,56,0.9,12,0.35329036378860473,0.87706,0.6825222220897674,0.7825,0.5011973548548708,0.03760123515688761,CIFAR10,cuda
identity_mapping_full_training,ScaledShortcutResNet-56-lambda0.9,ScaledShortcutResNet,56,0.9,13,0.33911389068603515,0.88208,0.6307472727179527,0.7923,0.5419537455000749,0.037617217373617194,CIFAR10,cuda
identity_mapping_full_training,ScaledShortcutResNet-56-lambda0.9,ScaledShortcutResNet,56,0.9,14,0.32230234134674074,0.88768,0.6496679615437985,0.7955,0.5205382807463462,0.034146627813778814,CIFAR10,cuda
identity_mapping_full_training,ScaledShortcutResNet-56-lambda0.9,ScaledShortcutResNet,56,0.9,15,0.3129926456546783,0.89118,0.6892493982315063,0.7801,0.4301079888639394,0.04691169789570831,CIFAR10,cuda
identity_mapping_full_training,ScaledShortcutResNet-56-lambda0.9,ScaledShortcutResNet,56,0.9,16,0.2957357288455963,0.89578,0.6159687086582184,0.8027,0.5436551513129169,0.032551387835119905,CIFAR10,cuda
identity_mapping_full_training,ScaledShortcutResNet-56-lambda0.9,ScaledShortcutResNet,56,0.9,17,0.28849053388118745,0.9003,0.729352091884613,0.762,0.5190361551545672,0.0451215383682197,CIFAR10,cuda
identity_mapping_full_training,ScaledShortcutResNet-56-lambda0.9,ScaledShortcutResNet,56,0.9,18,0.2754222078609467,0.90468,0.7168886255264282,0.7757,0.646074708576744,0.034076915142326504,CIFAR10,cuda
identity_mapping_full_training,ScaledShortcutResNet-56-lambda0.9,ScaledShortcutResNet,56,0.9,19,0.2682418785667419,0.906,0.6084186649560929,0.8038,0.4324202152246711,0.046606330101745586,CIFAR10,cuda
identity_mapping_full_training,ScaledShortcutResNet-56-lambda0.9,ScaledShortcutResNet,56,0.9,20,0.2666585264587402,0.90704,0.5522922925949096,0.819,0.5181626351810725,0.03646902481111601,CIFAR10,cuda
identity_mapping_full_training,ScaledShortcutResNet-56-lambda0.9,ScaledShortcutResNet,56,0.9,21,0.25459628519535066,0.913,0.6017979368686676,0.8151,0.4594821532941917,0.04535744778071137,CIFAR10,cuda
identity_mapping_full_training,ScaledShortcutResNet-56-lambda0.9,ScaledShortcutResNet,56,0.9,22,0.2458065945625305,0.91412,0.6639193331837654,0.7971,0.6618831200642606,0.032632677212242465,CIFAR10,cuda
identity_mapping_full_training,ScaledShortcutResNet-56-lambda0.9,ScaledShortcutResNet,56,0.9,23,0.2361660874080658,0.9188,0.6461768637657166,0.8041,0.4880341895920956,0.04529929657606015,CIFAR10,cuda
identity_mapping_full_training,ScaledShortcutResNet-56-lambda0.9,ScaledShortcutResNet,56,0.9,24,0.23696767847537994,0.91708,0.5689378561496735,0.8219,0.5412333949497814,0.0373758963182111,CIFAR10,cuda
identity_mapping_full_training,ScaledShortcutResNet-56-lambda0.9,ScaledShortcutResNet,56,0.9,25,0.23602838897705078,0.91916,0.6459034661531449,0.8067,0.5196076388898847,0.03774293117350977,CIFAR10,cuda
identity_mapping_full_training,ScaledShortcutResNet-56-lambda0.9,ScaledShortcutResNet,56,0.9,26,0.22026442471027374,0.92312,0.6545635844826698,0.7977,0.4738794707281779,0.040189369124821184,CIFAR10,cuda
identity_mapping_full_training,ScaledShortcutResNet-56-lambda0.9,ScaledShortcutResNet,56,0.9,27,0.22313251707077025,0.92224,0.7497479890823364,0.7843,0.46058294965845975,0.04918660311804526,CIFAR10,cuda
identity_mapping_full_training,ScaledShortcutResNet-56-lambda0.9,ScaledShortcutResNet,56,0.9,28,0.22396118154764175,0.922,0.7474697510480881,0.7801,0.4116749801295685,0.05709039664913115,CIFAR10,cuda
identity_mapping_full_training,ScaledShortcutResNet-56-lambda0.9,ScaledShortcutResNet,56,0.9,29,0.21552151009082796,0.92478,0.6743108514785766,0.7944,0.4794080368883242,0.04676911634953612,CIFAR10,cuda
identity_mapping_full_training,ScaledShortcutResNet-56-lambda0.9,ScaledShortcutResNet,56,0.9,30,0.20794817792415618,0.92814,0.6064472537457943,0.8173,0.4504506269597923,0.04837561769173638,CIFAR10,cuda
identity_mapping_full_training,ScaledShortcutResNet-56-lambda1.0,ScaledShortcutResNet,56,1.0,1,1.5910974989318847,0.41156,1.502774910736084,0.4574,0.6543967591152605,0.02067130769624342,CIFAR10,cuda
identity_mapping_full_training,ScaledShortcutResNet-56-lambda1.0,ScaledShortcutResNet,56,1.0,2,1.0408728816986084,0.6257,0.9687714296340942,0.6562,2.597260339828941,0.034517294557764276,CIFAR10,cuda
identity_mapping_full_training,ScaledShortcutResNet-56-lambda1.0,ScaledShortcutResNet,56,1.0,3,0.7891944471549988,0.7252,0.85432446103096,0.7073,0.7000648910471462,0.024979393080248574,CIFAR10,cuda
identity_mapping_full_training,ScaledShortcutResNet-56-lambda1.0,ScaledShortcutResNet,56,1.0,4,0.6536300421524048,0.77106,0.7155571033477783,0.7564,0.5050449911856274,0.03152794739522525,CIFAR10,cuda
identity_mapping_full_training,ScaledShortcutResNet-56-lambda1.0,ScaledShortcutResNet,56,1.0,5,0.5714023788070679,0.80182,0.6882854538202285,0.7636,0.8550976053534832,0.02215346975454758,CIFAR10,cuda
identity_mapping_full_training,ScaledShortcutResNet-56-lambda1.0,ScaledShortcutResNet,56,1.0,6,0.5143526672935486,0.82058,0.6187193576812744,0.7856,0.4979923017922582,0.03250983270941346,CIFAR10,cuda
identity_mapping_full_training,ScaledShortcutResNet-56-lambda1.0,ScaledShortcutResNet,56,1.0,7,0.4563642538166046,0.84148,0.6753120497226716,0.7699,0.61352854591905,0.030829497365873735,CIFAR10,cuda
identity_mapping_full_training,ScaledShortcutResNet-56-lambda1.0,ScaledShortcutResNet,56,1.0,8,0.42452528471946716,0.85282,0.5159186564683914,0.8246,0.503427569910436,0.03699511621586705,CIFAR10,cuda
identity_mapping_full_training,ScaledShortcutResNet-56-lambda1.0,ScaledShortcutResNet,56,1.0,9,0.3882939644050598,0.86506,0.675759293460846,0.7882,0.619493727184807,0.03051282468913701,CIFAR10,cuda
identity_mapping_full_training,ScaledShortcutResNet-56-lambda1.0,ScaledShortcutResNet,56,1.0,10,0.36556174152374266,0.87356,0.6207456339597702,0.7952,0.6338445439800244,0.03382506189787052,CIFAR10,cuda
identity_mapping_full_training,ScaledShortcutResNet-56-lambda1.0,ScaledShortcutResNet,56,1.0,11,0.3358368848276138,0.88444,0.5137472106695176,0.8275,0.7321488681958032,0.027971066097799077,CIFAR10,cuda
identity_mapping_full_training,ScaledShortcutResNet-56-lambda1.0,ScaledShortcutResNet,56,1.0,12,0.3168232868385315,0.8904,0.6191881415367126,0.802,0.5776566288776603,0.031013572270495435,CIFAR10,cuda
identity_mapping_full_training,ScaledShortcutResNet-56-lambda1.0,ScaledShortcutResNet,56,1.0,13,0.3048651234054565,0.89302,0.5941957616806031,0.8035,0.5103839231369239,0.04021080953279826,CIFAR10,cuda
identity_mapping_full_training,ScaledShortcutResNet-56-lambda1.0,ScaledShortcutResNet,56,1.0,14,0.29126934232711793,0.89836,0.5252635106444359,0.8283,0.643789911957313,0.0335800935931268,CIFAR10,cuda
identity_mapping_full_training,ScaledShortcutResNet-56-lambda1.0,ScaledShortcutResNet,56,1.0,15,0.27486564228057864,0.90316,0.6312011919379235,0.7993,0.5097202708485119,0.03480790459002636,CIFAR10,cuda
identity_mapping_full_training,ScaledShortcutResNet-56-lambda1.0,ScaledShortcutResNet,56,1.0,16,0.2646286755657196,0.90792,0.6242801625728607,0.8005,0.6260246966150185,0.033653616219964266,CIFAR10,cuda
identity_mapping_full_training,ScaledShortcutResNet-56-lambda1.0,ScaledShortcutResNet,56,1.0,17,0.2570137757968903,0.9088,0.6326369512557983,0.8053,0.5439849463591022,0.034037799953605265,CIFAR10,cuda
identity_mapping_full_training,ScaledShortcutResNet-56-lambda1.0,ScaledShortcutResNet,56,1.0,18,0.24626337810993196,0.91498,0.6344098021030427,0.8026,0.480139759640664,0.04709042326275651,CIFAR10,cuda
identity_mapping_full_training,ScaledShortcutResNet-56-lambda1.0,ScaledShortcutResNet,56,1.0,19,0.23844315417289733,0.91752,0.5332486793994904,0.8266,0.5204179307057772,0.031650202766580135,CIFAR10,cuda
identity_mapping_full_training,ScaledShortcutResNet-56-lambda1.0,ScaledShortcutResNet,56,1.0,20,0.23179817014217377,0.91936,0.5994140962839126,0.8161,0.563050669092697,0.03961473892313515,CIFAR10,cuda
identity_mapping_full_training,ScaledShortcutResNet-56-lambda1.0,ScaledShortcutResNet,56,1.0,21,0.22016325695991515,0.92326,0.588366525220871,0.8183,0.5417411702449266,0.03873601043798786,CIFAR10,cuda
identity_mapping_full_training,ScaledShortcutResNet-56-lambda1.0,ScaledShortcutResNet,56,1.0,22,0.21739176643848418,0.92494,0.5646813727855683,0.823,0.5379023059786756,0.038495921763978515,CIFAR10,cuda
identity_mapping_full_training,ScaledShortcutResNet-56-lambda1.0,ScaledShortcutResNet,56,1.0,23,0.20733387531280517,0.92744,0.5978571687698364,0.8107,0.5652403652619341,0.038709842817458116,CIFAR10,cuda
identity_mapping_full_training,ScaledShortcutResNet-56-lambda1.0,ScaledShortcutResNet,56,1.0,24,0.20974348437786103,0.92702,0.6066688151597976,0.81,0.5253392463161262,0.038270666031161214,CIFAR10,cuda
identity_mapping_full_training,ScaledShortcutResNet-56-lambda1.0,ScaledShortcutResNet,56,1.0,25,0.2049758461380005,0.92842,0.6742472502708435,0.7988,0.4428185071517876,0.0474839831632419,CIFAR10,cuda
identity_mapping_full_training,ScaledShortcutResNet-56-lambda1.0,ScaledShortcutResNet,56,1.0,26,0.19497717044830323,0.93222,0.7130566236495972,0.7908,0.4504443042619164,0.040490046814569344,CIFAR10,cuda
identity_mapping_full_training,ScaledShortcutResNet-56-lambda1.0,ScaledShortcutResNet,56,1.0,27,0.19587098068714143,0.93092,0.7113320244789123,0.7891,0.44122012671794475,0.04766077494836012,CIFAR10,cuda
identity_mapping_full_training,ScaledShortcutResNet-56-lambda1.0,ScaledShortcutResNet,56,1.0,28,0.19732583627700806,0.93138,0.582381907081604,0.8184,0.5261587260787276,0.037906053739252515,CIFAR10,cuda
identity_mapping_full_training,ScaledShortcutResNet-56-lambda1.0,ScaledShortcutResNet,56,1.0,29,0.18310788151741028,0.9362,0.585703243124485,0.8198,0.4259812202032877,0.047605557447356714,CIFAR10,cuda
identity_mapping_full_training,ScaledShortcutResNet-56-lambda1.0,ScaledShortcutResNet,56,1.0,30,0.1932854268503189,0.93298,0.5921194679379463,0.822,0.49566755983506494,0.03904058220904233,CIFAR10,cuda
identity_mapping_full_training,ScaledShortcutResNet-56-lambda1.1,ScaledShortcutResNet,56,1.1,1,1.6554526557540894,0.39438,2.3625349266052247,0.4546,0.772672181174323,0.027352399139702315,CIFAR10,cuda
identity_mapping_full_training,ScaledShortcutResNet-56-lambda1.1,ScaledShortcutResNet,56,1.1,2,1.0752320826721191,0.61358,1.070758837890625,0.6332,0.7278988279493062,0.02861476312436144,CIFAR10,cuda
identity_mapping_full_training,ScaledShortcutResNet-56-lambda1.1,ScaledShortcutResNet,56,1.1,3,0.7850159350585938,0.72608,0.8330131790161133,0.7089,0.726764945330222,0.028504938670863598,CIFAR10,cuda
identity_mapping_full_training,ScaledShortcutResNet-56-lambda1.1,ScaledShortcutResNet,56,1.1,4,0.6473779489135743,0.77722,2.640240550804138,0.6997,0.45364037864791684,0.04389924404551469,CIFAR10,cuda
identity_mapping_full_training,ScaledShortcutResNet-56-lambda1.1,ScaledShortcutResNet,56,1.1,5,0.5604716491127014,0.80774,0.6214327667713165,0.7874,0.5200361478635003,0.032589591226287254,CIFAR10,cuda
identity_mapping_full_training,ScaledShortcutResNet-56-lambda1.1,ScaledShortcutResNet,56,1.1,6,0.4957973724555969,0.82826,0.6501564167022705,0.7893,0.44202290541547357,0.039620037850993224,CIFAR10,cuda
identity_mapping_full_training,ScaledShortcutResNet-56-lambda1.1,ScaledShortcutResNet,56,1.1,7,0.43914750398635866,0.84814,0.9348288175582886,0.7131,0.3986845528851377,0.04394279796775966,CIFAR10,cuda
identity_mapping_full_training,ScaledShortcutResNet-56-lambda1.1,ScaledShortcutResNet,56,1.1,8,0.40291183287620547,0.86082,0.6396049991607666,0.81,0.2865564280110718,0.06092825647352303,CIFAR10,cuda
identity_mapping_full_training,ScaledShortcutResNet-56-lambda1.1,ScaledShortcutResNet,56,1.1,9,0.3708067822933197,0.8703,0.5715347437858581,0.8126,0.32776326914678117,0.057593932320314095,CIFAR10,cuda
identity_mapping_full_training,ScaledShortcutResNet-56-lambda1.1,ScaledShortcutResNet,56,1.1,10,0.340768515625,0.88172,0.6168842584609985,0.7961,0.4661427909231798,0.0396055190527739,CIFAR10,cuda
identity_mapping_full_training,ScaledShortcutResNet-56-lambda1.1,ScaledShortcutResNet,56,1.1,11,0.32166482627868653,0.88722,0.6223966002941131,0.8085,0.4622893304894234,0.04485339951355202,CIFAR10,cuda
identity_mapping_full_training,ScaledShortcutResNet-56-lambda1.1,ScaledShortcutResNet,56,1.1,12,0.300911633348465,0.89456,0.7813716068267822,0.7626,0.4359772249728472,0.044098070884151096,CIFAR10,cuda
identity_mapping_full_training,ScaledShortcutResNet-56-lambda1.1,ScaledShortcutResNet,56,1.1,13,0.28297906119346616,0.90014,0.5485648179292679,0.8231,0.47274016464727664,0.04217032261245217,CIFAR10,cuda
identity_mapping_full_training,ScaledShortcutResNet-56-lambda1.1,ScaledShortcutResNet,56,1.1,14,0.26334820663452146,0.90892,0.5737875455379486,0.8125,0.4178395652240509,0.04534858141814536,CIFAR10,cuda
identity_mapping_full_training,ScaledShortcutResNet-56-lambda1.1,ScaledShortcutResNet,56,1.1,15,0.2539901329708099,0.91216,0.6989565001964569,0.7761,0.35562621860018356,0.054650738693262695,CIFAR10,cuda
identity_mapping_full_training,ScaledShortcutResNet-56-lambda1.1,ScaledShortcutResNet,56,1.1,16,0.2433289075565338,0.9153,0.6232789475440978,0.8031,0.4370735993891515,0.047717589534677946,CIFAR10,cuda
identity_mapping_full_training,ScaledShortcutResNet-56-lambda1.1,ScaledShortcutResNet,56,1.1,17,0.23506278589963914,0.91762,0.6248741622686386,0.805,0.41052582414649563,0.0497034608928245,CIFAR10,cuda
identity_mapping_full_training,ScaledShortcutResNet-56-lambda1.1,ScaledShortcutResNet,56,1.1,18,0.2249452319252491,0.92062,0.5965589484214783,0.8199,0.4393628098444597,0.047261613576011954,CIFAR10,cuda
identity_mapping_full_training,ScaledShortcutResNet-56-lambda1.1,ScaledShortcutResNet,56,1.1,19,0.2157649997138977,0.92388,0.635173316526413,0.8012,0.525326254073607,0.04271141477396888,CIFAR10,cuda
identity_mapping_full_training,ScaledShortcutResNet-56-lambda1.1,ScaledShortcutResNet,56,1.1,20,0.21790890105724334,0.92572,0.5876716466903686,0.8169,0.4394990767215709,0.04810885088284569,CIFAR10,cuda
identity_mapping_full_training,ScaledShortcutResNet-56-lambda1.1,ScaledShortcutResNet,56,1.1,21,0.20603074398994445,0.9285,0.7815404595375061,0.78,0.382984386736687,0.05444554500573226,CIFAR10,cuda
identity_mapping_full_training,ScaledShortcutResNet-56-lambda1.1,ScaledShortcutResNet,56,1.1,22,0.2055396157979965,0.92806,0.5925576557993889,0.8167,0.4928728737122523,0.04010580849318508,CIFAR10,cuda
identity_mapping_full_training,ScaledShortcutResNet-56-lambda1.1,ScaledShortcutResNet,56,1.1,23,0.19580294182777405,0.93202,0.6894585916280747,0.7998,0.37585694402382974,0.059188401320126954,CIFAR10,cuda
identity_mapping_full_training,ScaledShortcutResNet-56-lambda1.1,ScaledShortcutResNet,56,1.1,24,0.20258502035617829,0.9292,0.696123859769106,0.8016,0.3482047386033376,0.058236831384048685,CIFAR10,cuda
identity_mapping_full_training,ScaledShortcutResNet-56-lambda1.1,ScaledShortcutResNet,56,1.1,25,0.20116414761543275,0.92968,0.5849831003785133,0.8203,0.4095548649860511,0.05237482261200139,CIFAR10,cuda
identity_mapping_full_training,ScaledShortcutResNet-56-lambda1.1,ScaledShortcutResNet,56,1.1,26,0.1801458228802681,0.93694,0.5995762603163719,0.8175,0.33654683541801117,0.05950130095673839,CIFAR10,cuda
identity_mapping_full_training,ScaledShortcutResNet-56-lambda1.1,ScaledShortcutResNet,56,1.1,27,0.18780671455860137,0.93406,0.6396934722423554,0.8099,0.41576980369818695,0.05229083122699866,CIFAR10,cuda
identity_mapping_full_training,ScaledShortcutResNet-56-lambda1.1,ScaledShortcutResNet,56,1.1,28,0.18642238525629043,0.93598,0.7901109460353851,0.7707,0.357478955014348,0.05959785184868184,CIFAR10,cuda
identity_mapping_full_training,ScaledShortcutResNet-56-lambda1.1,ScaledShortcutResNet,56,1.1,29,0.18359663422822953,0.93592,0.6032232986211776,0.8231,0.391801940240269,0.05997245550573985,CIFAR10,cuda
identity_mapping_full_training,ScaledShortcutResNet-56-lambda1.1,ScaledShortcutResNet,56,1.1,30,0.1740570700979233,0.9396,0.6351733090549707,0.812,0.3644672590812592,0.0589416249376589,CIFAR10,cuda
