variant,variant_slug,layer_index,layer_name,activation_mean,activation_mean_std_over_batches,activation_std,activation_std_std_over_batches,zero_activation_ratio,zero_activation_ratio_std_over_batches
PlainNet-DefaultInit,plainnet_default_init,0,stem.relu,0.18695240318775178,0.007961045013680133,0.33741304874420164,0.014987720632674364,0.48761978149414065,0.008307540789345445
PlainNet-DefaultInit,plainnet_default_init,1,stage1.0.relu1,0.08137235343456269,0.0038735526816659465,0.15042802691459656,0.006866667573117818,0.5178670883178711,0.004111046961975536
PlainNet-DefaultInit,plainnet_default_init,2,stage1.0.relu2,0.01698444187641144,0.0006166715630062617,0.03907306790351868,0.0015228560621802813,0.6082199096679688,0.0030229614994769774
PlainNet-DefaultInit,plainnet_default_init,3,stage1.1.relu1,0.007457699999213219,0.0002598638379754037,0.012744436971843243,0.0004087850077321523,0.49105472564697267,0.001507681266132002
PlainNet-DefaultInit,plainnet_default_init,4,stage1.1.relu2,0.004258523602038622,0.00014439433945854217,0.0062975424341857435,0.000224101881524748,0.37740650177001955,0.0011834369885995134
PlainNet-DefaultInit,plainnet_default_init,5,stage1.2.relu1,0.0013855274068191648,5.330636923986693e-05,0.0022978365886956453,7.498785030930202e-05,0.507875633239746,0.0012750943592931237
PlainNet-DefaultInit,plainnet_default_init,6,stage1.2.relu2,0.0004927016329020262,1.601660273165671e-05,0.0007802407606504857,2.21547242656509e-05,0.463929557800293,0.0024546524357256638
PlainNet-DefaultInit,plainnet_default_init,7,stage1.3.relu1,0.00016876247827894985,5.921655220183681e-06,0.0002617682213895023,7.439499253730117e-06,0.4717855453491211,0.001879097666978986
PlainNet-DefaultInit,plainnet_default_init,8,stage1.3.relu2,7.113935571396723e-05,2.5803729202183256e-06,0.00011462187540018931,3.499792656985558e-06,0.4485342025756836,0.0009339015446578751
PlainNet-DefaultInit,plainnet_default_init,9,stage1.4.relu1,4.417367890710011e-05,1.6155500806936844e-06,6.025230322848074e-05,1.8482361303911324e-06,0.3449287414550781,0.0006998155447170638
PlainNet-DefaultInit,plainnet_default_init,10,stage1.4.relu2,1.2694030192506035e-05,4.846708902451236e-07,2.37790824030526e-05,8.126309626611529e-07,0.5717617034912109,0.0004999115284025508
PlainNet-DefaultInit,plainnet_default_init,11,stage1.5.relu1,6.181274329719599e-06,2.640627507473592e-07,1.0260625640512443e-05,3.7721396801705413e-07,0.4987184524536133,0.000662599683156213
PlainNet-DefaultInit,plainnet_default_init,12,stage1.5.relu2,5.68940968150855e-06,2.418941814888308e-07,5.9377842262620105e-06,2.105351915778555e-07,0.24986114501953124,0.00044160068144176825
PlainNet-DefaultInit,plainnet_default_init,13,stage1.6.relu1,1.15111138256907e-06,4.9002111155266536e-08,2.191685689467704e-06,8.202187539020144e-08,0.595827293395996,0.0002833079892069652
PlainNet-DefaultInit,plainnet_default_init,14,stage1.6.relu2,5.773686098109465e-07,2.4847443469112244e-08,8.283393640340364e-07,3.0241458409156333e-08,0.41707305908203124,0.0008608803633389069
PlainNet-DefaultInit,plainnet_default_init,15,stage1.7.relu1,1.5015384633443318e-07,6.3818949456648375e-09,2.536451688683883e-07,9.579826437931131e-09,0.5555110931396484,0.0006692822484048413
PlainNet-DefaultInit,plainnet_default_init,16,stage1.7.relu2,6.216708001716142e-08,2.7257067907425254e-09,1.1096315404302004e-07,4.139363688365705e-09,0.5152559280395508,0.0016542767974722812
PlainNet-DefaultInit,plainnet_default_init,17,stage1.8.relu1,1.6798681201635192e-08,7.129734541378927e-10,2.951646145277209e-08,1.099025277928914e-09,0.5556201934814453,0.0004774071148138581
PlainNet-DefaultInit,plainnet_default_init,18,stage1.8.relu2,5.1034089842971754e-09,2.110346884032853e-10,8.508716931032722e-09,2.9199119269333116e-10,0.5334051132202149,0.0007821086266755026
PlainNet-DefaultInit,plainnet_default_init,19,stage2.0.relu1,1.492941570369055e-09,5.754864789739526e-11,2.9402141166201544e-09,9.81833016555468e-11,0.5940086364746093,0.0007267019316875648
PlainNet-DefaultInit,plainnet_default_init,20,stage2.0.relu2,6.617003167619373e-10,2.6891099981558463e-11,1.0200171374208366e-09,3.314779108470557e-11,0.49101791381835935,0.0006558854741867004
PlainNet-DefaultInit,plainnet_default_init,21,stage2.1.relu1,2.1361145630116595e-10,8.340339547930164e-12,3.8020838144525725e-10,1.2577498338489871e-11,0.5514690399169921,0.0005664338627201214
PlainNet-DefaultInit,plainnet_default_init,22,stage2.1.relu2,9.980586496149968e-11,3.9538936863179726e-12,1.5069268610723441e-10,4.922058340729376e-12,0.4704792022705078,0.0002658124194140035
PlainNet-DefaultInit,plainnet_default_init,23,stage2.2.relu1,3.99695408714873e-11,1.5701774687662718e-12,6.99803978654323e-11,2.3061688176787037e-12,0.5443359375,0.0007111719149138306
PlainNet-DefaultInit,plainnet_default_init,24,stage2.2.relu2,2.0873539702259692e-11,8.388107661229259e-13,3.35727494416016e-11,1.0876261456251664e-12,0.4577606201171875,0.0005736556410184139
PlainNet-DefaultInit,plainnet_default_init,25,stage2.3.relu1,8.377171005491401e-12,3.3160391622520466e-13,1.3736426059118845e-11,4.442661476146799e-13,0.4926490783691406,0.00034219131530198064
PlainNet-DefaultInit,plainnet_default_init,26,stage2.3.relu2,4.32209311743148e-12,1.710518922402798e-13,7.084230771448041e-12,2.294299552592502e-13,0.4624919891357422,0.0004879100700050945
PlainNet-DefaultInit,plainnet_default_init,27,stage2.4.relu1,1.8360353168378475e-12,7.245920812330356e-14,2.8580182925147524e-12,9.083358259170803e-14,0.4905204772949219,0.0006281035451047924
PlainNet-DefaultInit,plainnet_default_init,28,stage2.4.relu2,5.078671532800228e-13,2.0255572052120998e-14,9.474009250720616e-13,3.0778877312754624e-14,0.5641151428222656,0.0007112394359164232
PlainNet-DefaultInit,plainnet_default_init,29,stage2.5.relu1,2.324150881515344e-13,9.602375544360952e-15,3.484418482913032e-13,1.1260147205630909e-14,0.4881443023681641,0.0009031398696071292
PlainNet-DefaultInit,plainnet_default_init,30,stage2.5.relu2,7.599944301271352e-14,3.0208187625265857e-15,1.2817377638852518e-13,4.098916554618422e-15,0.5117404937744141,0.0005812810108445441
PlainNet-DefaultInit,plainnet_default_init,31,stage2.6.relu1,3.7249723975913557e-14,1.5097261335099813e-15,5.839427316797936e-14,1.8711747676988323e-15,0.459423828125,0.0004591295210646293
PlainNet-DefaultInit,plainnet_default_init,32,stage2.6.relu2,2.0815593782604233e-14,8.468931094560667e-16,3.0214367249467575e-14,9.891310591609452e-16,0.36818885803222656,0.000720745634618927
PlainNet-DefaultInit,plainnet_default_init,33,stage2.7.relu1,1.2532847718340397e-14,5.033718940650589e-16,1.5517602258490956e-14,4.966072818528497e-16,0.3019283294677734,0.0006889871300351242
PlainNet-DefaultInit,plainnet_default_init,34,stage2.7.relu2,3.3922752200852854e-15,1.3567653606970118e-16,7.051265783964604e-15,2.367405071125617e-16,0.5683509826660156,0.0002785162695988262
PlainNet-DefaultInit,plainnet_default_init,35,stage2.8.relu1,1.2011326144584136e-15,4.8915186812206166e-17,2.1593471910726082e-15,7.227904279459795e-17,0.5717742919921875,0.0008325130848341348
PlainNet-DefaultInit,plainnet_default_init,36,stage2.8.relu2,4.723120300152207e-16,1.8978271533142047e-17,8.322115859190683e-16,2.84337177882655e-17,0.4825145721435547,0.000579529732637638
PlainNet-DefaultInit,plainnet_default_init,37,stage3.0.relu1,1.7692602385494764e-16,7.031559808558198e-18,3.2783471075697424e-16,1.113452050210746e-17,0.5184814453125,0.0005949626682570142
PlainNet-DefaultInit,plainnet_default_init,38,stage3.0.relu2,7.250141586680639e-17,2.9185766188952963e-18,1.244413028153837e-16,3.9891985816279695e-18,0.4733001708984375,0.0004019423978280536
PlainNet-DefaultInit,plainnet_default_init,39,stage3.1.relu1,3.122429861911042e-17,1.2087838299114463e-18,5.021396136559561e-17,1.5641514832974917e-18,0.47501296997070314,0.00025564050777211815
PlainNet-DefaultInit,plainnet_default_init,40,stage3.1.relu2,1.2667771464159637e-17,4.902773812801254e-19,1.9240856984438355e-17,6.083357699555703e-19,0.44890823364257815,0.0009837085808722444
PlainNet-DefaultInit,plainnet_default_init,41,stage3.2.relu1,5.795349215250741e-18,2.2311452921343826e-19,9.077980982735888e-18,2.811637058945038e-19,0.45634918212890624,0.00017714987526071482
PlainNet-DefaultInit,plainnet_default_init,42,stage3.2.relu2,2.6629684367451347e-18,1.0198504297369e-19,3.971940066207429e-18,1.249730126942411e-19,0.4345123291015625,0.0006317461162204528
PlainNet-DefaultInit,plainnet_default_init,43,stage3.3.relu1,1.123713198906651e-18,4.3968486902139455e-20,1.6315551525144476e-18,5.151012103778693e-20,0.41846237182617185,0.0002910751499513599
PlainNet-DefaultInit,plainnet_default_init,44,stage3.3.relu2,4.32273777903582e-19,1.6774050194434824e-20,6.727529301667652e-19,2.1430355687888498e-20,0.46312713623046875,0.0005276265533981782
PlainNet-DefaultInit,plainnet_default_init,45,stage3.4.relu1,1.6979399690580985e-19,6.6225550196807045e-21,2.7821943314703763e-19,9.006080326421266e-21,0.50537109375,0.0005310464163890556
PlainNet-DefaultInit,plainnet_default_init,46,stage3.4.relu2,7.137902547445582e-20,2.7724294422185564e-21,1.1745398079533394e-19,3.8441050238100876e-21,0.47449264526367185,0.0005258451909668761
PlainNet-DefaultInit,plainnet_default_init,47,stage3.5.relu1,2.214534010534589e-20,8.724742574936791e-22,3.9574420121576053e-20,1.282260122232441e-21,0.5337730407714844,0.0003462988817099766
PlainNet-DefaultInit,plainnet_default_init,48,stage3.5.relu2,9.982465715491089e-21,3.8455121691086625e-22,1.527243339743174e-20,4.901107807159295e-22,0.47936477661132815,0.000649057484014154
PlainNet-DefaultInit,plainnet_default_init,49,stage3.6.relu1,4.12678905106671e-21,1.584057425286462e-22,6.517771656095499e-21,2.0942265028784518e-22,0.4633819580078125,0.00016774955019911882
PlainNet-DefaultInit,plainnet_default_init,50,stage3.6.relu2,1.7308932234205223e-21,6.613997603928476e-23,2.7934227347523512e-21,8.733336715724952e-23,0.48563079833984374,0.00045072484473404514
PlainNet-DefaultInit,plainnet_default_init,51,stage3.7.relu1,6.009018521845503e-22,2.291990717944134e-23,1.0677230585117967e-21,3.4423142483605524e-23,0.5390151977539063,0.00043408237882070286
PlainNet-DefaultInit,plainnet_default_init,52,stage3.7.relu2,2.626001378771618e-22,1.0152508830376415e-23,4.2164775428163533e-22,1.334443283383873e-23,0.481927490234375,0.0004150741225749151
PlainNet-DefaultInit,plainnet_default_init,53,stage3.8.relu1,1.1588467671892532e-22,4.452792957383342e-24,1.7783240899299335e-22,6.706727741595221e-24,0.4635795593261719,0.00033184445961286207
PlainNet-DefaultInit,plainnet_default_init,54,stage3.8.relu2,4.546773818402557e-23,1.7764195711502147e-24,7.085568719316557e-23,4.913865202546268e-24,0.4818275451660156,0.00025806532730596453
PlainNet-XavierInit,plainnet_xavier_init,0,stem.relu,0.16435372233390808,0.00622525929962079,0.27457513809204104,0.010253309271818601,0.5064741134643554,0.006304981580233662
PlainNet-XavierInit,plainnet_xavier_init,1,stage1.0.relu1,0.11924552619457245,0.004885759661678223,0.190089151263237,0.007180752671298742,0.48475208282470705,0.0013506009069748884
PlainNet-XavierInit,plainnet_xavier_init,2,stage1.0.relu2,0.07870063334703445,0.003534890142001117,0.14813025295734406,0.006173809236123082,0.5736003875732422,0.0017562061659267588
PlainNet-XavierInit,plainnet_xavier_init,3,stage1.1.relu1,0.03486726656556129,0.0014514461378052983,0.06336653530597687,0.002322200251062693,0.5662647247314453,0.0017107732385202292
PlainNet-XavierInit,plainnet_xavier_init,4,stage1.1.relu2,0.027441688627004624,0.001192289370251641,0.047484726458787915,0.0020038369254259405,0.5231616973876954,0.004819826119105838
PlainNet-XavierInit,plainnet_xavier_init,5,stage1.2.relu1,0.017187920585274696,0.0007107982228731824,0.03273876085877418,0.001478320365718608,0.5273338317871094,0.0020101767583200992
PlainNet-XavierInit,plainnet_xavier_init,6,stage1.2.relu2,0.013897552713751793,0.0005749172138847835,0.022486306726932526,0.0010120498563559366,0.430078125,0.000896718736839826
PlainNet-XavierInit,plainnet_xavier_init,7,stage1.3.relu1,0.006157835107296705,0.00024095532976684935,0.012955251522362233,0.0005116801491107049,0.6631473541259766,0.001165209192710593
PlainNet-XavierInit,plainnet_xavier_init,8,stage1.3.relu2,0.004488649871200323,0.00016901097126269962,0.008080181013792754,0.0003274172756624758,0.5048711776733399,0.0013937777571339132
PlainNet-XavierInit,plainnet_xavier_init,9,stage1.4.relu1,0.0029598088469356297,0.00010917071175027214,0.005590478889644146,0.0002371888129830481,0.5178634643554687,0.0006795461600367197
PlainNet-XavierInit,plainnet_xavier_init,10,stage1.4.relu2,0.002321250969544053,8.645609224162062e-05,0.004674750473350286,0.000199384344033063,0.5828365325927735,0.0010246873683405296
PlainNet-XavierInit,plainnet_xavier_init,11,stage1.5.relu1,0.0022900964133441446,8.860111807401979e-05,0.003953027073293924,0.00017934907161369762,0.4459983825683594,0.0004698308823409704
PlainNet-XavierInit,plainnet_xavier_init,12,stage1.5.relu2,0.0010817486559972166,4.149075649275238e-05,0.0021913259290158747,9.900631179630567e-05,0.5486923217773437,0.00036190230187181936
PlainNet-XavierInit,plainnet_xavier_init,13,stage1.6.relu1,0.0007242987980134785,2.731124251516984e-05,0.0012849226826801897,5.8573809886951946e-05,0.4587076187133789,0.0006551639550522395
PlainNet-XavierInit,plainnet_xavier_init,14,stage1.6.relu2,0.0004819672147277743,1.7915181027967658e-05,0.0009769822470843792,4.386995147431818e-05,0.4955101013183594,0.0005923971230898878
PlainNet-XavierInit,plainnet_xavier_init,15,stage1.7.relu1,0.0003911061736289412,1.4343119995873333e-05,0.000879969890229404,3.897951856278554e-05,0.5231998443603516,0.0008541332921686239
PlainNet-XavierInit,plainnet_xavier_init,16,stage1.7.relu2,0.00035324228229001166,1.2992556808133189e-05,0.0005939946859143674,2.6473053396489005e-05,0.3527406692504883,0.0006204586632950573
PlainNet-XavierInit,plainnet_xavier_init,17,stage1.8.relu1,6.147173626231961e-05,2.2070158187389166e-06,0.0001655482832575217,6.877914806856001e-06,0.7180377960205078,0.0004645697549768729
PlainNet-XavierInit,plainnet_xavier_init,18,stage1.8.relu2,3.045665143872611e-05,1.0957851062103318e-06,6.826997851021588e-05,2.8244041698712884e-06,0.6244575500488281,0.000696516453203636
PlainNet-XavierInit,plainnet_xavier_init,19,stage2.0.relu1,2.11539172596531e-05,7.220888477716161e-07,4.029225237900391e-05,1.643385175841859e-06,0.5013175964355469,0.0005455009086976484
PlainNet-XavierInit,plainnet_xavier_init,20,stage2.0.relu2,1.3665525148098823e-05,4.568228407962485e-07,2.7701290309778415e-05,1.1077918064208504e-06,0.5764888763427735,0.001019456986302256
PlainNet-XavierInit,plainnet_xavier_init,21,stage2.1.relu1,6.40555917925667e-06,2.082728158758249e-07,1.3024935105931945e-05,5.011351990822518e-07,0.6006938934326171,0.0005013731368395112
PlainNet-XavierInit,plainnet_xavier_init,22,stage2.1.relu2,4.926932160742581e-06,1.5558826154131607e-07,8.770565182203427e-06,3.3920324325302926e-07,0.51234130859375,0.0003364740310805691
PlainNet-XavierInit,plainnet_xavier_init,23,stage2.2.relu1,3.4838742521969834e-06,1.1417841443915105e-07,5.524745392904151e-06,2.1972091270958413e-07,0.4531108856201172,0.0005426580831893262
PlainNet-XavierInit,plainnet_xavier_init,24,stage2.2.relu2,3.3163547868753084e-06,1.0749665813960611e-07,4.632945365301566e-06,1.8965487667179823e-07,0.3494571685791016,0.0007306090410807914
PlainNet-XavierInit,plainnet_xavier_init,25,stage2.3.relu1,2.3199776023830055e-06,7.435230649873795e-08,3.985112925875001e-06,1.5720314443701694e-07,0.4551670074462891,0.0003818235663631922
PlainNet-XavierInit,plainnet_xavier_init,26,stage2.3.relu2,1.0640679192874814e-06,3.2939258707702775e-08,2.1266413114062744e-06,8.288879857471474e-08,0.599951171875,0.0006316894489673721
PlainNet-XavierInit,plainnet_xavier_init,27,stage2.4.relu1,6.909117246323149e-07,2.175758584092554e-08,1.3878984418624896e-06,5.267206590252382e-08,0.5701499938964844,0.0007558102348406349
PlainNet-XavierInit,plainnet_xavier_init,28,stage2.4.relu2,5.288845045470225e-07,1.6126471025991378e-08,9.439549899070699e-07,3.5172954317911706e-08,0.5266899108886719,0.0008130348681943118
PlainNet-XavierInit,plainnet_xavier_init,29,stage2.5.relu1,3.2543368888582336e-07,9.685984012648792e-09,6.090654096624348e-07,2.274164319134228e-08,0.5366207122802734,0.0007140542684076418
PlainNet-XavierInit,plainnet_xavier_init,30,stage2.5.relu2,2.9879428780077434e-07,8.939226322998433e-09,4.79292538102527e-07,1.8046574325922118e-08,0.4260398864746094,0.0005361809074911675
PlainNet-XavierInit,plainnet_xavier_init,31,stage2.6.relu1,1.8380854953647941e-07,5.528865473621947e-09,3.4297972888452933e-07,1.2904066045545869e-08,0.5186542510986328,0.0003249696694776148
PlainNet-XavierInit,plainnet_xavier_init,32,stage2.6.relu2,1.2797673889508588e-07,3.7470333257702365e-09,2.108741966821981e-07,7.6426932982786e-09,0.4707927703857422,0.00047375253511165103
PlainNet-XavierInit,plainnet_xavier_init,33,stage2.7.relu1,9.166394789872357e-08,2.6265152742792865e-09,1.5029114877052053e-07,5.5041166191107755e-09,0.4471565246582031,0.0007021109649914618
PlainNet-XavierInit,plainnet_xavier_init,34,stage2.7.relu2,6.474353710927972e-08,1.8481327966137335e-09,1.0661565426062225e-07,3.926277549185494e-09,0.4587104797363281,0.0006740135044984283
PlainNet-XavierInit,plainnet_xavier_init,35,stage2.8.relu1,4.4188120540411544e-08,1.256085747676635e-09,7.693765553540289e-08,2.8233694985679462e-09,0.48531494140625,0.0002279561715891551
PlainNet-XavierInit,plainnet_xavier_init,36,stage2.8.relu2,2.2886290551582532e-08,6.530031068848739e-10,4.090025029768185e-08,1.4761025422822294e-09,0.5389686584472656,0.0007495141417622619
PlainNet-XavierInit,plainnet_xavier_init,37,stage3.0.relu1,1.2922494896372428e-08,3.573433841693895e-10,2.2745851069316815e-08,8.647469076278437e-10,0.5046791076660156,0.0006190331061835747
PlainNet-XavierInit,plainnet_xavier_init,38,stage3.0.relu2,9.400238276668916e-09,2.603990819743302e-10,1.5127377928081386e-08,5.854558685085517e-10,0.44725189208984373,0.0001940117677005775
PlainNet-XavierInit,plainnet_xavier_init,39,stage3.1.relu1,5.809564829206693e-09,1.6680579467222668e-10,1.0160574070994244e-08,4.0796574869071917e-10,0.5088104248046875,0.0005634740452569703
PlainNet-XavierInit,plainnet_xavier_init,40,stage3.1.relu2,2.9184354932709766e-09,8.138641167950532e-11,5.6584974039708415e-09,2.2045252657284976e-10,0.569744873046875,0.0004840031607879086
PlainNet-XavierInit,plainnet_xavier_init,41,stage3.2.relu1,2.143661648190687e-09,6.268225288473928e-11,3.4605198262482874e-09,1.416961339881708e-10,0.4894096374511719,0.0007147785884049787
PlainNet-XavierInit,plainnet_xavier_init,42,stage3.2.relu2,1.3504506846118148e-09,4.008204041994631e-11,2.203903992636924e-09,9.2587660481417e-11,0.49518508911132814,0.0002891470070335326
PlainNet-XavierInit,plainnet_xavier_init,43,stage3.3.relu1,9.19419818057321e-10,2.7040546629610714e-11,1.667906102120753e-09,7.012370550694388e-11,0.5162651062011718,0.00045885845242583343
PlainNet-XavierInit,plainnet_xavier_init,44,stage3.3.relu2,6.185797651880876e-10,1.8223644476430125e-11,1.0252448667813497e-09,4.375208535028049e-11,0.4883766174316406,0.0005136231700303414
PlainNet-XavierInit,plainnet_xavier_init,45,stage3.4.relu1,4.984773593896819e-10,1.5235636607922744e-11,7.960761827519036e-10,3.519558809425821e-11,0.442547607421875,0.00038128199726425763
PlainNet-XavierInit,plainnet_xavier_init,46,stage3.4.relu2,2.6437223521469376e-10,8.063084527543695e-12,4.571842127099046e-10,2.021909505171247e-11,0.5222122192382812,0.0002565156295491955
PlainNet-XavierInit,plainnet_xavier_init,47,stage3.5.relu1,1.7273234509396217e-10,5.140453318724632e-12,2.814629140868163e-10,1.2782137184523387e-11,0.48244781494140626,0.0007833697945535362
PlainNet-XavierInit,plainnet_xavier_init,48,stage3.5.relu2,8.469124151977425e-11,2.6180066397786452e-12,1.62860364083528e-10,7.187407704633647e-12,0.5784866333007812,0.00044787470187579985
PlainNet-XavierInit,plainnet_xavier_init,49,stage3.6.relu1,7.146713221217737e-11,2.2013448684705763e-12,1.0882221929131574e-10,5.076202073675356e-12,0.4388404846191406,0.0005296503501990909
PlainNet-XavierInit,plainnet_xavier_init,50,stage3.6.relu2,5.084249132814023e-11,1.5859826961563203e-12,8.175131821497317e-11,3.714529709000235e-12,0.4773834228515625,0.00030640735075021964
PlainNet-XavierInit,plainnet_xavier_init,51,stage3.7.relu1,3.412223628651567e-11,1.0306107721062706e-12,5.4689205247759884e-11,2.458254381108447e-12,0.4620323181152344,0.0003420232976535304
PlainNet-XavierInit,plainnet_xavier_init,52,stage3.7.relu2,2.1607921008026665e-11,6.581691494125074e-13,3.332903328323589e-11,1.5693900949982368e-12,0.47446441650390625,0.00039968853545856343
PlainNet-XavierInit,plainnet_xavier_init,53,stage3.8.relu1,1.4114445896773464e-11,4.4104558717148485e-13,2.4322491243289334e-11,1.1139765595991653e-12,0.5021095275878906,0.00047770611741032685
PlainNet-XavierInit,plainnet_xavier_init,54,stage3.8.relu2,9.712860030153258e-12,2.9909361005187235e-13,1.690566575618391e-11,7.659877411025848e-13,0.49467926025390624,0.0004763846730068708
PlainNet-HeInit,plainnet_he_init,0,stem.relu,0.1791003167629242,0.00678381879305196,0.299211311340332,0.011173284717395503,0.5064741134643554,0.006304981580233662
PlainNet-HeInit,plainnet_he_init,1,stage1.0.relu1,0.18376970291137695,0.007529468022190223,0.2929470479488373,0.011066277114099382,0.48475208282470705,0.0013506009069748884
PlainNet-HeInit,plainnet_he_init,2,stage1.0.relu2,0.17152405083179473,0.007704119742005481,0.3228423953056335,0.013455503007524492,0.5736003875732422,0.0017562061659267588
PlainNet-HeInit,plainnet_he_init,3,stage1.1.relu1,0.10746812522411346,0.004473660592023271,0.19530876278877257,0.007157505312105322,0.5662647247314453,0.0017107732385202292
PlainNet-HeInit,plainnet_he_init,4,stage1.1.relu2,0.11961552947759628,0.005197067083780471,0.2069810926914215,0.008734530482360335,0.5231618881225586,0.004820047857567676
PlainNet-HeInit,plainnet_he_init,5,stage1.2.relu1,0.10595344603061677,0.004381651918045305,0.20181524753570557,0.009112968854489499,0.5273336410522461,0.002010222273785737
PlainNet-HeInit,plainnet_he_init,6,stage1.2.relu2,0.12115604132413864,0.005012006225150135,0.1960310459136963,0.008822841003486837,0.43007831573486327,0.0008968022663702904
PlainNet-HeInit,plainnet_he_init,7,stage1.3.relu1,0.07591887712478637,0.002970694289697212,0.15972303450107575,0.0063084193307785235,0.6631471633911132,0.0011650268126069147
PlainNet-HeInit,plainnet_he_init,8,stage1.3.relu2,0.07826226800680161,0.0029468062752457517,0.14088273644447327,0.005708713303136533,0.5048709869384765,0.0013934976852470245
PlainNet-HeInit,plainnet_he_init,9,stage1.4.relu1,0.07298193126916885,0.002691893755123261,0.13784807026386262,0.005848521042526157,0.5178632736206055,0.000679650706666929
PlainNet-HeInit,plainnet_he_init,10,stage1.4.relu2,0.08094476610422134,0.003014825501169731,0.1630140721797943,0.006952766525695283,0.5828367233276367,0.0010246577226520873
PlainNet-HeInit,plainnet_he_init,11,stage1.5.relu1,0.11293679177761078,0.004369395604523819,0.19494472146034242,0.008844650818339739,0.4459983825683594,0.0004698308823409704
PlainNet-HeInit,plainnet_he_init,12,stage1.5.relu2,0.0754437118768692,0.0028936662888672934,0.15282825231552125,0.006904932246942475,0.5486919403076171,0.00036220013181086205
PlainNet-HeInit,plainnet_he_init,13,stage1.6.relu1,0.07143802493810654,0.0026937231644638513,0.1267326906323433,0.0057771629299434735,0.4587078094482422,0.0006549516935619595
PlainNet-HeInit,plainnet_he_init,14,stage1.6.relu2,0.06722706705331802,0.0024988926130882386,0.13627409934997559,0.006119192531184895,0.4955099105834961,0.0005923997023525363
PlainNet-HeInit,plainnet_he_init,15,stage1.7.relu1,0.07715007215738297,0.002829342526965911,0.1735839068889618,0.0076891471969568045,0.5231998443603516,0.0008541332921686239
PlainNet-HeInit,plainnet_he_init,16,stage1.7.relu2,0.09854379743337631,0.0036245239390093865,0.16570635735988617,0.007385174060948385,0.3527406692504883,0.0006204586632950573
PlainNet-HeInit,plainnet_he_init,17,stage1.8.relu1,0.024251972883939744,0.0008707167266266302,0.06531249582767487,0.0027134901658259518,0.7180377960205078,0.00046453960520332076
PlainNet-HeInit,plainnet_he_init,18,stage1.8.relu2,0.016992948576807977,0.000611380687424552,0.03809047043323517,0.0015758453330572332,0.6244569778442383,0.0006965217285200535
PlainNet-HeInit,plainnet_he_init,19,stage2.0.relu1,0.014455163292586804,0.00049342783620971,0.02753301225602627,0.001122979023493229,0.5013175964355469,0.0005466587626877531
PlainNet-HeInit,plainnet_he_init,20,stage2.0.relu2,0.01320606842637062,0.00044146422440074416,0.026769927889108657,0.0010705457041852732,0.5764884948730469,0.0010194074536851265
PlainNet-HeInit,plainnet_he_init,21,stage2.1.relu1,0.00875425674021244,0.0002846395791736352,0.01780073009431362,0.0006848846284450683,0.6006942749023437,0.0005017703197512224
PlainNet-HeInit,plainnet_he_init,22,stage2.1.relu2,0.009522563219070435,0.00030071427058550723,0.016951370984315872,0.0006555975265858568,0.51234130859375,0.00033691487450432714
PlainNet-HeInit,plainnet_he_init,23,stage2.2.relu1,0.009522583149373532,0.00031208728214987205,0.015100959315896034,0.0006005699324732681,0.4531101226806641,0.000543021050342524
PlainNet-HeInit,plainnet_he_init,24,stage2.2.relu2,0.012819417938590049,0.0004155297200279425,0.017908717691898345,0.00073311449994662,0.349456787109375,0.0007319776857034698
PlainNet-HeInit,plainnet_he_init,25,stage2.3.relu1,0.012682536803185939,0.00040645892184291424,0.02178527005016804,0.0008593760790374469,0.4551673889160156,0.0003829040265875689
PlainNet-HeInit,plainnet_he_init,26,stage2.3.relu2,0.008226339519023896,0.0002546543008898344,0.0164411261677742,0.0006408167516826307,0.599951171875,0.0006316894489673721
PlainNet-HeInit,plainnet_he_init,27,stage2.4.relu1,0.0075539638288319114,0.00023788279294649048,0.01517434697598219,0.0005758807310681564,0.5701492309570313,0.0007563445203234664
PlainNet-HeInit,plainnet_he_init,28,stage2.4.relu2,0.00817764401435852,0.0002493485981773473,0.014595488272607326,0.0005438461102410504,0.526690673828125,0.0008137989441493206
PlainNet-HeInit,plainnet_he_init,29,stage2.5.relu1,0.007116146199405193,0.00021179990913941635,0.01331822369247675,0.0004972839498470032,0.5366218566894532,0.0007121505472074454
PlainNet-HeInit,plainnet_he_init,30,stage2.5.relu2,0.009239950589835644,0.00027643809090190026,0.014821699634194375,0.0005580732882566999,0.42603912353515627,0.0005367312942972667
PlainNet-HeInit,plainnet_he_init,31,stage2.6.relu1,0.008038556762039661,0.00024179511270015273,0.014999639429152011,0.0005643376664287405,0.5186553955078125,0.0003251464996131656
PlainNet-HeInit,plainnet_he_init,32,stage2.6.relu2,0.00791513780131936,0.00023174750814930053,0.013042199984192848,0.0004726874191853789,0.4707935333251953,0.0004737457774819905
PlainNet-HeInit,plainnet_he_init,33,stage2.7.relu1,0.00801753718405962,0.00022973221902023393,0.0131454611197114,0.0004814266993342529,0.4471569061279297,0.000702738266460189
PlainNet-HeInit,plainnet_he_init,34,stage2.7.relu2,0.008008549828082323,0.00022860769396778415,0.013187983818352223,0.00048566661974800015,0.4587116241455078,0.0006741391462743511
PlainNet-HeInit,plainnet_he_init,35,stage2.8.relu1,0.007729973178356886,0.00021973115971085644,0.013458957336843014,0.0004939014619386304,0.48531532287597656,0.00022772496635048813
PlainNet-HeInit,plainnet_he_init,36,stage2.8.relu2,0.0056619089096784595,0.00016154853654286246,0.010118437185883521,0.00036517712356385,0.5389694213867188,0.0007482987398803712
PlainNet-HeInit,plainnet_he_init,37,stage3.0.relu1,0.003915429953485728,0.0001082726505911369,0.006891842186450958,0.00026201248105075175,0.5046791076660156,0.0006197895851754784
PlainNet-HeInit,plainnet_he_init,38,stage3.0.relu2,0.004027976747602224,0.00011158030179394869,0.006482040882110596,0.0002508666391144979,0.4472511291503906,0.00019584523502582394
PlainNet-HeInit,plainnet_he_init,39,stage3.1.relu1,0.0035205189604312183,0.00010108214909251869,0.006157172750681639,0.0002472221635796189,0.5088096618652344,0.0005641296278089418
PlainNet-HeInit,plainnet_he_init,40,stage3.1.relu2,0.002501083444803953,6.974769637125812e-05,0.004849301557987929,0.00018892652580939143,0.5697456359863281,0.0004836193697279485
PlainNet-HeInit,plainnet_he_init,41,stage3.2.relu1,0.0025980607606470585,7.596916585589493e-05,0.004194057639688253,0.00017173181548923625,0.48940887451171877,0.0007137648239011832
PlainNet-HeInit,plainnet_he_init,42,stage3.2.relu2,0.002314657671377063,6.870016567897274e-05,0.0037774670869112014,0.00015869434057854908,0.49518585205078125,0.0002852924328742378
PlainNet-HeInit,plainnet_he_init,43,stage3.3.relu1,0.002228624373674393,6.554497578221417e-05,0.004042914928868413,0.00016997641619710045,0.5162651062011718,0.00046071310359853607
PlainNet-HeInit,plainnet_he_init,44,stage3.3.relu2,0.002120477566495538,6.247028634744616e-05,0.0035145165864378216,0.00014998141310344692,0.4883766174316406,0.0005136515011391222
PlainNet-HeInit,plainnet_he_init,45,stage3.4.relu1,0.00241656475700438,7.386077278521386e-05,0.0038592917378991844,0.00017062446154385665,0.4425514221191406,0.000384186795822964
PlainNet-HeInit,plainnet_he_init,46,stage3.4.relu2,0.0018125243717804552,5.5280100028132735e-05,0.0031344345305114986,0.00013862132782236868,0.5222122192382812,0.0002565836955061022
PlainNet-HeInit,plainnet_he_init,47,stage3.5.relu1,0.0016747756861150264,4.984071810496361e-05,0.0027290038298815487,0.000123932904539838,0.48244552612304686,0.00078274167229643
PlainNet-HeInit,plainnet_he_init,48,stage3.5.relu2,0.0011612786911427975,3.5897939890670696e-05,0.0022331266198307278,9.855301158241172e-05,0.5784843444824219,0.0004471137651064313
PlainNet-HeInit,plainnet_he_init,49,stage3.6.relu1,0.0013858599122613668,4.2687509757654e-05,0.0021102335304021835,9.843558382432e-05,0.4388427734375,0.0005291137748117168
PlainNet-HeInit,plainnet_he_init,50,stage3.6.relu2,0.0013942952966317535,4.349371944084801e-05,0.0022419334389269354,0.00010186672313449018,0.47738113403320315,0.0003050670430054786
PlainNet-HeInit,plainnet_he_init,51,stage3.7.relu1,0.0013233673758804797,3.997037621035605e-05,0.002121018851175904,9.533882394459272e-05,0.46203155517578126,0.0003424773934832391
PlainNet-HeInit,plainnet_he_init,52,stage3.7.relu2,0.0011851433664560318,3.6099025671498254e-05,0.0018280186224728823,8.60773070897469e-05,0.47446517944335936,0.00039824708661503254
PlainNet-HeInit,plainnet_he_init,53,stage3.8.relu1,0.0010948049370199443,3.4210266877293105e-05,0.0018866049125790597,8.640697187806292e-05,0.5021087646484375,0.0004757121739096185
PlainNet-HeInit,plainnet_he_init,54,stage3.8.relu2,0.0010654548183083533,3.2809136210602304e-05,0.001854471629485488,8.402510469072906e-05,0.4946807861328125,0.0004765447101243036
PlainNet-HeInit-BN,plainnet_he_init_bn,0,stem.relu,0.254159551858902,0.011570771934358886,0.4188244640827179,0.015188748980894014,0.49074573516845704,0.007849829527407735
PlainNet-HeInit-BN,plainnet_he_init_bn,1,stage1.0.relu1,0.26817924380302427,0.012384657356174106,0.42304357290267947,0.017522419107978207,0.4618354797363281,0.006319924232213135
PlainNet-HeInit-BN,plainnet_he_init_bn,2,stage1.0.relu2,0.22056780755519867,0.01033819647640111,0.36110379099845885,0.013997764381638134,0.4903379440307617,0.004495217010212506
PlainNet-HeInit-BN,plainnet_he_init_bn,3,stage1.1.relu1,0.18635126948356628,0.007730886231857416,0.30236606001853944,0.012305545614434673,0.48635311126708985,0.002101124068807336
PlainNet-HeInit-BN,plainnet_he_init_bn,4,stage1.1.relu2,0.12906363010406494,0.0019295539078810573,0.22488584816455842,0.007199617454002192,0.5351799011230469,0.008564330317482365
PlainNet-HeInit-BN,plainnet_he_init_bn,5,stage1.2.relu1,0.12155173271894455,0.003093598890376204,0.21233969628810884,0.007658828490669,0.5218301773071289,0.0032025844183959716
PlainNet-HeInit-BN,plainnet_he_init_bn,6,stage1.2.relu2,0.13784873485565186,0.004402000838308265,0.21208580434322358,0.00731949515094095,0.46481075286865237,0.0014952489995611823
PlainNet-HeInit-BN,plainnet_he_init_bn,7,stage1.3.relu1,0.1784713923931122,0.007274992019237749,0.24902758598327637,0.008949783888829558,0.41507816314697266,0.004108533530290165
PlainNet-HeInit-BN,plainnet_he_init_bn,8,stage1.3.relu2,0.13188270032405852,0.0015572990366094896,0.19209953546524047,0.00397580290416246,0.4668107986450195,0.006771597389053671
PlainNet-HeInit-BN,plainnet_he_init_bn,9,stage1.4.relu1,0.1212717279791832,0.0009772845849548798,0.16784575581550598,0.002040460716106001,0.45043182373046875,0.005290168714349537
PlainNet-HeInit-BN,plainnet_he_init_bn,10,stage1.4.relu2,0.1161007359623909,0.0007079999118228446,0.1608077824115753,0.0013963163136277723,0.4562093734741211,0.0009430452057758527
PlainNet-HeInit-BN,plainnet_he_init_bn,11,stage1.5.relu1,0.10139368772506714,0.0014454705914143029,0.1510216236114502,0.0017382173156638427,0.5007230758666992,0.002836056520075938
PlainNet-HeInit-BN,plainnet_he_init_bn,12,stage1.5.relu2,0.08759660422801971,0.001079158148134869,0.13482348024845123,0.0015303014277960947,0.5193603515625,0.003903504772318758
PlainNet-HeInit-BN,plainnet_he_init_bn,13,stage1.6.relu1,0.08840728551149368,0.000602206032324403,0.12885475754737855,0.0010150579027392963,0.49369564056396487,0.0016892133138427187
PlainNet-HeInit-BN,plainnet_he_init_bn,14,stage1.6.relu2,0.0599353089928627,0.0005650621057102958,0.09996817409992217,0.0010647827858448252,0.5716192245483398,0.000981005864128894
PlainNet-HeInit-BN,plainnet_he_init_bn,15,stage1.7.relu1,0.08925694078207017,0.0006804085695445647,0.11926070004701614,0.0005338783380886943,0.469312858581543,0.0022668392271689916
PlainNet-HeInit-BN,plainnet_he_init_bn,16,stage1.7.relu2,0.058318867534399035,0.0002344828076495567,0.0974150463938713,0.00047946446759087734,0.5851531982421875,0.00040418180193499604
PlainNet-HeInit-BN,plainnet_he_init_bn,17,stage1.8.relu1,0.05183255895972252,0.0004111959280808988,0.07836792469024659,0.0006445691383671661,0.5054454803466797,0.0015357370217963658
PlainNet-HeInit-BN,plainnet_he_init_bn,18,stage1.8.relu2,0.0895423412322998,9.74841079429752e-05,0.0921442061662674,0.000443525185950421,0.3004505157470703,0.0014929617634568736
PlainNet-HeInit-BN,plainnet_he_init_bn,19,stage2.0.relu1,0.056525200605392456,0.00019280099076343228,0.08024942874908447,0.00027143617682465155,0.4767475128173828,0.00016626567101879
PlainNet-HeInit-BN,plainnet_he_init_bn,20,stage2.0.relu2,0.07633370757102967,9.453122696235659e-05,0.10087184011936187,6.400623683588955e-05,0.4706394195556641,0.0006840195777070286
PlainNet-HeInit-BN,plainnet_he_init_bn,21,stage2.1.relu1,0.09074620306491851,5.8689568158860725e-05,0.11273918002843857,5.779068832208219e-05,0.3934612274169922,0.0006452512783198282
PlainNet-HeInit-BN,plainnet_he_init_bn,22,stage2.1.relu2,0.09339210689067841,6.166002455339084e-05,0.12119865864515304,8.133457648921969e-05,0.4629322052001953,0.0003667517483468206
PlainNet-HeInit-BN,plainnet_he_init_bn,23,stage2.2.relu1,0.0992517739534378,9.030088297886693e-05,0.13148415088653564,0.00011640560247856538,0.46399574279785155,0.0004650843487502071
PlainNet-HeInit-BN,plainnet_he_init_bn,24,stage2.2.relu2,0.07372721135616303,0.0001315145150767203,0.11815878450870514,0.00014997028389433052,0.5642021179199219,0.0005981642369508163
PlainNet-HeInit-BN,plainnet_he_init_bn,25,stage2.3.relu1,0.05997742936015129,9.527411471637511e-05,0.09699343740940095,0.0001501162191783593,0.549700927734375,0.00039747900769445646
PlainNet-HeInit-BN,plainnet_he_init_bn,26,stage2.3.relu2,0.08544750660657882,3.165365269402771e-05,0.11286701858043671,8.286400505599154e-05,0.45029678344726565,0.00039497943599241275
PlainNet-HeInit-BN,plainnet_he_init_bn,27,stage2.4.relu1,0.09154075384140015,4.024968094045138e-05,0.12498923540115356,3.573606139452642e-05,0.47181243896484376,0.0003464148409719782
PlainNet-HeInit-BN,plainnet_he_init_bn,28,stage2.4.relu2,0.11312507092952728,6.710456847299917e-05,0.15583401620388032,9.330067826847743e-05,0.44978790283203124,0.0002811864045881296
PlainNet-HeInit-BN,plainnet_he_init_bn,29,stage2.5.relu1,0.13895817399024962,4.968277349355882e-05,0.17153734266757964,5.045657756983314e-05,0.36884231567382814,0.0003435613015391037
PlainNet-HeInit-BN,plainnet_he_init_bn,30,stage2.5.relu2,0.10593086779117585,0.00011958707552047268,0.15489315390586852,0.00010989969865800741,0.5178813934326172,0.000322740071904818
PlainNet-HeInit-BN,plainnet_he_init_bn,31,stage2.6.relu1,0.06632752865552902,4.483978443462383e-05,0.10422136336565017,2.9157823929988213e-05,0.5340621948242188,0.00022164211816086426
PlainNet-HeInit-BN,plainnet_he_init_bn,32,stage2.6.relu2,0.06564615964889527,5.6596430771004084e-05,0.09703172743320465,3.8404858749820474e-05,0.50968017578125,0.0007660235060004844
PlainNet-HeInit-BN,plainnet_he_init_bn,33,stage2.7.relu1,0.09689681380987167,6.941793232629766e-05,0.11977110803127289,7.72833442606987e-05,0.42206535339355467,0.0003931885286726113
PlainNet-HeInit-BN,plainnet_he_init_bn,34,stage2.7.relu2,0.07780601680278779,6.942992899658768e-05,0.11439811587333679,9.178588156534678e-05,0.5184993743896484,0.00019971679859479406
PlainNet-HeInit-BN,plainnet_he_init_bn,35,stage2.8.relu1,0.06780156642198562,5.206372415313016e-05,0.09981485307216645,3.779638293305588e-05,0.5116058349609375,0.0004194248801404289
PlainNet-HeInit-BN,plainnet_he_init_bn,36,stage2.8.relu2,0.0718287169933319,5.126199083370635e-05,0.10434132069349289,2.8328717038403378e-05,0.5065910339355468,0.0002911606265779898
PlainNet-HeInit-BN,plainnet_he_init_bn,37,stage3.0.relu1,0.05527435913681984,7.678295292314145e-05,0.08109494596719742,6.672232791426717e-05,0.5156303405761719,0.0004933841610750952
PlainNet-HeInit-BN,plainnet_he_init_bn,38,stage3.0.relu2,0.06448703110218049,4.575912365520675e-05,0.0919811025261879,8.172067965994837e-05,0.5295280456542969,0.00012835988663973682
PlainNet-HeInit-BN,plainnet_he_init_bn,39,stage3.1.relu1,0.0635212391614914,3.2218358690885874e-05,0.09323768168687821,3.241711071826957e-05,0.5286827087402344,0.0004609884480428747
PlainNet-HeInit-BN,plainnet_he_init_bn,40,stage3.1.relu2,0.07334920018911362,6.253158302650408e-05,0.10370386838912964,6.725320441566053e-05,0.4763328552246094,0.00016473839814777565
PlainNet-HeInit-BN,plainnet_he_init_bn,41,stage3.2.relu1,0.07688226848840714,3.8902916060910966e-05,0.1004261165857315,6.834020274480102e-05,0.44343414306640627,0.00022612629614010966
PlainNet-HeInit-BN,plainnet_he_init_bn,42,stage3.2.relu2,0.06509270966053009,5.4435087990644566e-05,0.09931662231683731,7.412259654524143e-05,0.5300559997558594,0.0002065157455287552
PlainNet-HeInit-BN,plainnet_he_init_bn,43,stage3.3.relu1,0.06946967244148254,6.435998938931256e-05,0.09787229597568511,3.0094220537362386e-05,0.4763679504394531,0.00042001185451180504
PlainNet-HeInit-BN,plainnet_he_init_bn,44,stage3.3.relu2,0.0669741690158844,7.992440573170838e-05,0.09968894124031066,0.00011075635965156799,0.525311279296875,0.00035331099209530317
PlainNet-HeInit-BN,plainnet_he_init_bn,45,stage3.4.relu1,0.060604207962751386,5.25759135261116e-05,0.09368981271982194,8.683100969661917e-05,0.5343978881835938,0.0003017847487393086
PlainNet-HeInit-BN,plainnet_he_init_bn,46,stage3.4.relu2,0.06473176181316376,4.277898817395315e-05,0.0957735925912857,5.528891315218531e-05,0.5291488647460938,0.0001649149704702654
PlainNet-HeInit-BN,plainnet_he_init_bn,47,stage3.5.relu1,0.0919429451227188,2.648910752794035e-05,0.10817686170339584,4.7968943765709705e-05,0.3929176330566406,0.0002801764649429037
PlainNet-HeInit-BN,plainnet_he_init_bn,48,stage3.5.relu2,0.08301175683736801,3.782188904735444e-05,0.10887861549854279,5.41293022286089e-05,0.4529243469238281,0.0003748090998204513
PlainNet-HeInit-BN,plainnet_he_init_bn,49,stage3.6.relu1,0.06201912462711334,6.638380647076475e-05,0.09290264248847961,0.00010973438057788785,0.5203628540039062,0.00045275169648811565
PlainNet-HeInit-BN,plainnet_he_init_bn,50,stage3.6.relu2,0.06666260808706284,5.062124555529223e-05,0.09426124542951583,7.403465901826973e-05,0.4955116271972656,0.0005905939882452459
PlainNet-HeInit-BN,plainnet_he_init_bn,51,stage3.7.relu1,0.07379242181777954,2.749986080513751e-05,0.10823872536420823,5.996221772746203e-05,0.5074012756347657,0.0004093538109559095
PlainNet-HeInit-BN,plainnet_he_init_bn,52,stage3.7.relu2,0.07744669169187546,3.644332244334286e-05,0.10407232344150544,3.326889806127595e-05,0.452178955078125,0.0003894953486741146
PlainNet-HeInit-BN,plainnet_he_init_bn,53,stage3.8.relu1,0.05810845419764519,5.998441411085045e-05,0.090610072016716,5.2897537444445635e-05,0.5420265197753906,0.00027792366943492103
PlainNet-HeInit-BN,plainnet_he_init_bn,54,stage3.8.relu2,0.057848288863897326,4.713360787439281e-05,0.08571534007787704,5.5673450037870394e-05,0.5289955139160156,0.00046394623534619947
PlainNet-OrthogonalInit,plainnet_orthogonal_init,0,stem.relu,0.42050009965896606,0.016124374999820043,0.7400560140609741,0.030564698238758594,0.5064102172851562,0.006351022206168484
PlainNet-OrthogonalInit,plainnet_orthogonal_init,1,stage1.0.relu1,0.43491674661636354,0.01933029976266156,0.713259506225586,0.030511893941585447,0.48218574523925783,0.0025518101936099977
PlainNet-OrthogonalInit,plainnet_orthogonal_init,2,stage1.0.relu2,0.3881900429725647,0.01787277382045117,0.754530131816864,0.03533405751791152,0.5552696228027344,0.001439517927741077
PlainNet-OrthogonalInit,plainnet_orthogonal_init,3,stage1.1.relu1,0.3406637668609619,0.015834933261376073,0.6140536308288574,0.03127395328299504,0.5054525375366211,0.0021100505435882023
PlainNet-OrthogonalInit,plainnet_orthogonal_init,4,stage1.1.relu2,0.3409135639667511,0.017518757166096938,0.6362422466278076,0.03638426567679455,0.5234792709350586,0.0037538290665100576
PlainNet-OrthogonalInit,plainnet_orthogonal_init,5,stage1.2.relu1,0.254555743932724,0.011597828001873752,0.535559070110321,0.02724621672021272,0.5804716110229492,0.0017609876154790836
PlainNet-OrthogonalInit,plainnet_orthogonal_init,6,stage1.2.relu2,0.25157160460948946,0.010839354693388467,0.4126946687698364,0.018905394992288986,0.43389320373535156,0.000998867570964291
PlainNet-OrthogonalInit,plainnet_orthogonal_init,7,stage1.3.relu1,0.17334837913513185,0.007951938899137116,0.38220489025115967,0.02022689672555605,0.6312484741210938,0.0006067443588710102
PlainNet-OrthogonalInit,plainnet_orthogonal_init,8,stage1.3.relu2,0.18996000587940215,0.008472316291141604,0.3696896195411682,0.020309825992569152,0.5132732391357422,0.0018856975996427172
PlainNet-OrthogonalInit,plainnet_orthogonal_init,9,stage1.4.relu1,0.19770646393299102,0.00928630802438673,0.40529835820198057,0.023983226436101342,0.5361669540405274,0.0005478492986875399
PlainNet-OrthogonalInit,plainnet_orthogonal_init,10,stage1.4.relu2,0.2354714572429657,0.01064640340211542,0.44520592093467715,0.026163635621931615,0.5109426498413085,0.0019446108620153237
PlainNet-OrthogonalInit,plainnet_orthogonal_init,11,stage1.5.relu1,0.3426557660102844,0.01681763910380594,0.5832722663879395,0.03588574440647637,0.47040653228759766,0.0004792571647503482
PlainNet-OrthogonalInit,plainnet_orthogonal_init,12,stage1.5.relu2,0.20261774361133575,0.009757706711003414,0.4720327377319336,0.028578293084248797,0.6241111755371094,0.0007669718988305504
PlainNet-OrthogonalInit,plainnet_orthogonal_init,13,stage1.6.relu1,0.2239123612642288,0.010746807093694058,0.409703528881073,0.024996145125361507,0.4793874740600586,0.000670409683753873
PlainNet-OrthogonalInit,plainnet_orthogonal_init,14,stage1.6.relu2,0.20625675916671754,0.009601255367553633,0.3884033977985382,0.022307249336365707,0.47165470123291015,0.0006555469846434133
PlainNet-OrthogonalInit,plainnet_orthogonal_init,15,stage1.7.relu1,0.2663073629140854,0.012280996334122083,0.5550421476364136,0.03237238542262565,0.4349254608154297,0.0010616718836470042
PlainNet-OrthogonalInit,plainnet_orthogonal_init,16,stage1.7.relu2,0.4041560888290405,0.018535663115332675,0.5707085371017456,0.033845138517201105,0.32984123229980467,0.0006276848173378348
PlainNet-OrthogonalInit,plainnet_orthogonal_init,17,stage1.8.relu1,0.1020887777209282,0.00424349136808866,0.230841726064682,0.011055103594494128,0.6446130752563477,0.0006788160800966915
PlainNet-OrthogonalInit,plainnet_orthogonal_init,18,stage1.8.relu2,0.11099759340286255,0.004596567300156721,0.2215116411447525,0.010553922705050503,0.5438169479370117,0.000374968733111136
PlainNet-OrthogonalInit,plainnet_orthogonal_init,19,stage2.0.relu1,0.10968887060880661,0.004402240632575463,0.2186748206615448,0.010282267873406492,0.5182895660400391,0.0009119592117743531
PlainNet-OrthogonalInit,plainnet_orthogonal_init,20,stage2.0.relu2,0.11191549599170685,0.004441320800301935,0.22809808552265168,0.010541693134834882,0.5722499847412109,0.0005790082171185227
PlainNet-OrthogonalInit,plainnet_orthogonal_init,21,stage2.1.relu1,0.06804807037115097,0.0026368259549810077,0.14354301393032073,0.006265328839550837,0.6004505157470703,0.0005037769569450445
PlainNet-OrthogonalInit,plainnet_orthogonal_init,22,stage2.1.relu2,0.06848374456167221,0.0025430098378317273,0.13680500090122222,0.005803403647280664,0.5405426025390625,0.001283508168720774
PlainNet-OrthogonalInit,plainnet_orthogonal_init,23,stage2.2.relu1,0.08029156178236008,0.002933266931710978,0.132563778758049,0.0054822824866377785,0.46327857971191405,0.0006462299834657228
PlainNet-OrthogonalInit,plainnet_orthogonal_init,24,stage2.2.relu2,0.10326237082481385,0.0038607184508123856,0.1564087986946106,0.006558593200613409,0.36530265808105467,0.00102358315314989
PlainNet-OrthogonalInit,plainnet_orthogonal_init,25,stage2.3.relu1,0.10024549216032028,0.0036385436126177544,0.18848831355571746,0.0076040108081504455,0.484161376953125,0.00039123435474096177
PlainNet-OrthogonalInit,plainnet_orthogonal_init,26,stage2.3.relu2,0.06471871957182884,0.0023645564150514826,0.13080986738204955,0.00518309674043076,0.5959205627441406,0.0007628402645484171
PlainNet-OrthogonalInit,plainnet_orthogonal_init,27,stage2.4.relu1,0.05861573219299317,0.002198663862661708,0.10914954245090484,0.0044232721389032125,0.5392192840576172,0.0008681897322117679
PlainNet-OrthogonalInit,plainnet_orthogonal_init,28,stage2.4.relu2,0.05066526234149933,0.0019430219609117964,0.09356829673051834,0.003945257255471181,0.5258335113525391,0.0006025946759938546
PlainNet-OrthogonalInit,plainnet_orthogonal_init,29,stage2.5.relu1,0.04537160098552704,0.0016915259872759,0.09632515758275986,0.003970672049823047,0.5634056091308594,0.0005543378622924707
PlainNet-OrthogonalInit,plainnet_orthogonal_init,30,stage2.5.relu2,0.062063176184892654,0.002383561209919342,0.09939866214990616,0.004083580857734619,0.403643798828125,0.0009643971156531384
PlainNet-OrthogonalInit,plainnet_orthogonal_init,31,stage2.6.relu1,0.055765154957771304,0.0021002019645155238,0.10572850555181504,0.004320667369906148,0.48500709533691405,0.0005243267740562806
PlainNet-OrthogonalInit,plainnet_orthogonal_init,32,stage2.6.relu2,0.061472635716199875,0.002331902928726075,0.1022084653377533,0.0043049842177381985,0.4551403045654297,0.0008186366995761818
PlainNet-OrthogonalInit,plainnet_orthogonal_init,33,stage2.7.relu1,0.052448516339063646,0.0019931983986856603,0.09979498833417892,0.004137540314760591,0.5128684997558594,0.0006331149518322063
PlainNet-OrthogonalInit,plainnet_orthogonal_init,34,stage2.7.relu2,0.047525521367788315,0.0018400273881247547,0.08708956241607665,0.003645356700576348,0.5128753662109375,0.0009195688371564253
PlainNet-OrthogonalInit,plainnet_orthogonal_init,35,stage2.8.relu1,0.04880046769976616,0.0018343585024800614,0.08536655157804489,0.0034909484747074706,0.48318634033203123,0.0005775423944323616
PlainNet-OrthogonalInit,plainnet_orthogonal_init,36,stage2.8.relu2,0.0365888774394989,0.0013634560903544378,0.06950756013393403,0.002873499296919556,0.5410163879394532,0.0005264041729284838
PlainNet-OrthogonalInit,plainnet_orthogonal_init,37,stage3.0.relu1,0.03504891246557236,0.0012947415534134905,0.06692185401916503,0.002767364701193354,0.5211013793945313,0.0003150912231619041
PlainNet-OrthogonalInit,plainnet_orthogonal_init,38,stage3.0.relu2,0.03848135992884636,0.0014333447747526232,0.06117679700255394,0.002557435335260941,0.4407173156738281,0.0003926626346970734
PlainNet-OrthogonalInit,plainnet_orthogonal_init,39,stage3.1.relu1,0.03258425295352936,0.0012224519331281718,0.05834895372390747,0.002419679478576993,0.500213623046875,0.0006867599391953147
PlainNet-OrthogonalInit,plainnet_orthogonal_init,40,stage3.1.relu2,0.025376380980014802,0.000946090275863802,0.04694322943687439,0.0019319502275648092,0.5345603942871093,0.001004772432305842
PlainNet-OrthogonalInit,plainnet_orthogonal_init,41,stage3.2.relu1,0.024129001423716545,0.0009113991975067371,0.04090868681669235,0.0017378534058403786,0.48070068359375,0.0002741427352891451
PlainNet-OrthogonalInit,plainnet_orthogonal_init,42,stage3.2.relu2,0.02249331437051296,0.0008324812126280872,0.038798125088214876,0.0016155746287371741,0.488543701171875,0.0009790222660921145
PlainNet-OrthogonalInit,plainnet_orthogonal_init,43,stage3.3.relu1,0.020138920843601228,0.0007827068450689243,0.0366716057062149,0.001623201013055425,0.5254844665527344,0.0007077537278012669
PlainNet-OrthogonalInit,plainnet_orthogonal_init,44,stage3.3.relu2,0.02022443898022175,0.0007999722695606617,0.0344629630446434,0.0014979889558965833,0.4808509826660156,0.00020886155556968595
PlainNet-OrthogonalInit,plainnet_orthogonal_init,45,stage3.4.relu1,0.02239554226398468,0.0008765185574657316,0.035893233865499495,0.0016113854511438453,0.43535385131835935,0.0006690574468477973
PlainNet-OrthogonalInit,plainnet_orthogonal_init,46,stage3.4.relu2,0.015556303597986699,0.0006083861443545491,0.027897538989782332,0.0012632353125242857,0.5389701843261718,0.00034811615527318514
PlainNet-OrthogonalInit,plainnet_orthogonal_init,47,stage3.5.relu1,0.013725596107542514,0.0005399239022878231,0.023526606336236,0.0010541911305033617,0.5032279968261719,0.0007655343748972464
PlainNet-OrthogonalInit,plainnet_orthogonal_init,48,stage3.5.relu2,0.009367159381508828,0.00037581642916386656,0.018623971939086915,0.0008412037582230976,0.5858055114746094,0.0003456258876101045
PlainNet-OrthogonalInit,plainnet_orthogonal_init,49,stage3.6.relu1,0.01122816577553749,0.00043597352759383194,0.017049499228596686,0.0007575472922732617,0.41892318725585936,0.0005567649652242023
PlainNet-OrthogonalInit,plainnet_orthogonal_init,50,stage3.6.relu2,0.010946599580347539,0.0004382855302232863,0.01818804405629635,0.0008094899193455606,0.47801361083984373,0.0005720957334606676
PlainNet-OrthogonalInit,plainnet_orthogonal_init,51,stage3.7.relu1,0.009939849004149437,0.00039509682543963873,0.016552118211984636,0.0007405832350409233,0.4653472900390625,0.0002751875121592931
PlainNet-OrthogonalInit,plainnet_orthogonal_init,52,stage3.7.relu2,0.009409020282328128,0.0003704866974269054,0.015538727305829525,0.0006801056455619311,0.47388458251953125,0.00029274415308063465
PlainNet-OrthogonalInit,plainnet_orthogonal_init,53,stage3.8.relu1,0.009057733230292797,0.0003535756463951516,0.015504389815032483,0.0006732943256798766,0.48474807739257814,0.0004552607456403637
PlainNet-OrthogonalInit,plainnet_orthogonal_init,54,stage3.8.relu2,0.008504212833940983,0.0003262043899452631,0.015642698854207993,0.0006804293303330763,0.5100730895996094,0.0004965358607640916
